,machine_cost,tracking_error_ideal,tracking_error_true,short_shortfall_init,short_shortfall_true,weekly_liq_unhedged_init,weekly_liq_unhedged_true,unhedged_tracking_error_init,unhedged_tracking_error_true,k,lambda_C
0,1350.0,0.18236501854989165,0.010865064754460113,0.02684228840571562,0.0036932024830080845,1286.7555456931398,1305.0534668335663,-0.04684774393100758,-0.03329372827143238,0,0.8
1,1350.0,0.06647642230745139,0.01189615079170043,0.012332913169618293,0.004211103946441988,987.0375234750662,1005.7873409729149,-0.26886109372217315,-0.2549723400200631,1,0.8
2,1350.0,-0.017393621534393087,0.023932382447416255,1.3877787807814457e-16,0.003164137017561214,1006.564374511978,1027.8571372337806,-0.25439675962075703,-0.23862434278979217,2,0.8
3,1350.0,-0.01908649243255203,0.04917642349559001,6.106226635438361e-16,0.0031641370175616856,2065.267640426148,2119.1717018513355,0.5298278817971466,0.5697568161861745,3,0.8
4,1350.0,0.01381993512941439,0.012017734423705346,0.0032575407615243746,0.0030409717621025095,693.1739655267999,704.2706895739295,-0.48653780331348156,-0.47831800772301514,4,0.8
5,1350.0,0.21351913155290406,0.0036022305038339608,0.09675025366361634,0.002102068352088548,142.52474164256833,143.10929444121328,-0.8944261173018012,-0.8939931152287309,5,0.8
6,1350.0,-0.016656587159078473,0.015906484068052878,2.220446049250313e-16,0.003164137017561297,936.8162408637645,960.2792962038098,-0.3060620438046189,-0.2886820028119927,6,0.8
7,1350.0,0.12153511605344738,0.025613630530603424,0.013991866598467934,0.004129941431708986,718.637951627355,730.7049226582981,-0.46767559138714443,-0.4587370943271866,7,0.8
8,1350.0,0.1316873270200077,0.0013707815276219504,0.048057320613977356,0.004685902100307185,721.8051804086905,731.9613513437226,-0.4653294959935626,-0.4578064064120573,8,0.8
9,1350.0,0.08116572043514687,0.005203262421183113,0.020212163719366405,0.003881842670617211,525.5668500835079,535.4995636629185,-0.6106912221603645,-0.6033336565459863,9,0.8
10,1350.0,0.24528007568181415,0.00796427773411241,0.049748911910880725,0.0029050074757934613,379.19027728918167,383.55491833258037,-0.7191183131191247,-0.71588524567957,10,0.8
11,1350.0,-0.019057457317466095,0.029743358597420517,2.7755575615628914e-17,0.0031641370175611028,1710.1206532918304,1747.9022120904706,0.2667560394754299,0.2947423793262745,11,0.8
12,1350.0,0.11972665696574204,-0.004188722760185021,0.04974891191088082,0.0011608768475199899,424.6098158165254,428.4470236249783,-0.6854742105062775,-0.6826318343518679,12,0.8
13,1350.0,0.10788420711040742,0.0017407884170848576,0.03474959504703268,0.005057380665621419,1018.6551037781018,1035.0290249603236,-0.24544066386807276,-0.2333118333627233,13,0.8
14,1350.0,-0.016597702638336466,0.09089615487836683,4.440892098500626e-16,0.003164137017561519,1959.51882770995,2023.311622891882,0.45149542793329633,0.498749350290283,14,0.8
15,1350.0,-0.01912144475812537,0.01750787596976523,1.6653345369377348e-16,0.0031641370175612415,1414.2327438738212,1447.8914888655063,0.04757981027690457,0.0725122139744491,15,0.8
16,1350.0,0.26502878480584124,0.021465218223848247,0.05866409167824101,0.006260146520684615,291.8666113961054,294.40247383858394,-0.783802510076959,-0.7819240934529007,16,0.8
17,1350.0,0.011691272889631147,0.011401154837601181,0.00305239979782361,0.0030144979536411293,595.4134080365204,609.6037812058682,-0.5589530310840589,-0.5484416435512087,17,0.8
18,1350.0,-0.016074245707427978,0.023092032032502763,1.3877787807814457e-16,0.003164137017561214,869.6753461897928,885.9306768295551,-0.35579603985941277,-0.3437550542003296,18,0.8
19,1350.0,0.1473321296029488,-0.007759899091576352,0.03474375143815679,0.001665837659127506,1126.337801157802,1143.1293683228832,-0.16567570284607258,-0.1532375049460124,19,0.8
20,1350.0,0.11039776710642393,0.016117701434164154,0.017044266396292196,0.004017048688184685,572.7154393546925,583.297220118354,-0.5757663412187463,-0.5679279850975156,20,0.8
21,1350.0,0.16156391354043997,-0.00015118715335844178,0.046371920799182204,0.003000502285512033,572.7006151429986,578.604749094339,-0.5757773221162974,-0.5714038895597489,21,0.8
22,1350.0,0.026081387314304337,0.02208589568909192,0.0034145534663255067,0.003063794373480519,489.84990640591934,498.5911458610175,-0.6371482174770968,-0.6306732252881352,22,0.8
23,1350.0,-0.018730201823208194,0.03093215622139629,-2.220446049250313e-16,0.003164137017560853,1711.4061498301517,1752.5286214183593,0.2677082591334457,0.2981693491987847,23,0.8
24,1350.0,-0.013695779028355197,0.01843431048653185,-8.326672684688674e-17,0.0031641370175609917,766.6897539774284,784.3494642050106,-0.43208166372042345,-0.4190003968851774,24,0.8
25,1350.0,-0.019773921234494098,0.10256470677003314,2.7755575615628914e-16,0.0031641370175613526,2988.163041215495,3077.487491581718,1.2134541046040703,1.279620364134606,25,0.8
26,1350.0,-0.019085750211875883,0.04225359535456587,-1.7486012637846216e-15,0.0031641370175593264,1866.3813859502907,1911.5647825676292,0.38250473033354865,0.4159739130130587,26,0.8
27,1350.0,-0.019225564089979486,0.0726376202692514,-2.7755575615628914e-16,0.0031641370175607975,2255.7526509907566,2318.1948695937235,0.6709278896227827,0.7171813848842397,27,0.8
28,1350.0,-0.014470009280610409,0.03494378405433187,0.0,0.003164137017561075,866.7065956053654,887.0086231815267,-0.35799511436639603,-0.34295657542109137,28,0.8
29,1350.0,-0.019664974288819873,0.05350364659650827,-1.3877787807814457e-16,0.0031641370175609362,2328.056135480935,2392.2571460467975,0.7244860262821742,0.7720423304050352,29,0.8
30,1350.0,0.03591474573706758,0.015826563136813777,0.004711353226674389,0.0029561067156091136,1408.2195563635655,1436.7207335500868,0.043125597306344826,0.06423758040747173,30,0.8
31,1350.0,-0.0195662610468193,0.07982591499397672,-8.326672684688674e-17,0.0031641370175609917,2551.575459724252,2622.59409845345,0.8900558960920386,0.9426622951507037,31,0.8
32,1350.0,-0.01491790271812959,0.017003290387067115,-3.885780586188048e-16,0.0031641370175606864,733.2871281875954,748.5503366948446,-0.4568243494906701,-0.44551826911492987,32,0.8
33,1350.0,0.1726021074721874,-0.0008283754413863249,0.07449823265941116,0.002430218724988484,284.09559511099496,285.9941950282481,-0.7895588184363,-0.7881524481272235,33,0.8
34,1350.0,-0.01417616292815325,0.02296483647216266,1.942890293094024e-16,0.0031641370175612693,1259.1807723667316,1291.9320526001902,-0.06727350195056918,-0.043013294370229466,34,0.8
35,1350.0,-0.017207211081214615,0.06633685036053567,3.0531133177191805e-16,0.0031641370175613803,2469.706363980321,2549.9664206026787,0.8294121214669044,0.8888640152612435,35,0.8
36,1350.0,-0.020006746564508328,0.05291391794910234,2.7755575615628914e-16,0.0031641370175613526,3794.1388698698256,3898.219736378718,1.8104732369406116,1.8875701750953469,36,0.8
37,1350.0,0.1562359612014101,0.0738863243097711,0.020979313913837297,0.010782877414571596,789.0659817517354,799.1234951002504,-0.4155066801838997,-0.40805667029611087,37,0.8
38,1350.0,0.1750383446906798,0.03793395449929707,0.020488931325092385,0.005543185041026535,485.5928356906964,492.3469425391912,-0.6403016031920767,-0.6352985610820806,38,0.8
39,1350.0,0.1545314714770587,0.1536621480812903,0.017336131576043648,0.01724388334047118,353.27362796237793,358.44947226530513,-0.7383158311389793,-0.7344818723960703,39,0.8
40,1350.0,-0.01955152347721586,0.07392650883542824,6.661338147750939e-16,0.003164137017561741,2558.4764378121645,2631.539813658962,0.8951677317127145,0.9492887508584904,40,0.8
41,1350.0,-0.0162384373018267,0.026991749091813427,8.881784197001252e-16,0.003164137017561963,901.7066893824552,922.5881513898381,-0.3320691189759591,-0.31660136934086064,41,0.8
42,1350.0,-0.019046514620813425,0.021679448173855472,5.551115123125783e-17,0.0031641370175611305,2176.8128435198755,2237.274953941007,0.6124539581628707,0.6572407066229681,42,0.8
43,1350.0,0.03888656827734934,0.03788819658351654,0.006418664620766817,0.006291173784076662,527.0511280293352,536.1363067940705,-0.6095917570153072,-0.6028619949673552,43,0.8
44,1350.0,-0.02015568287520508,0.09673941700627588,8.326672684688674e-16,0.0031641370175619077,3051.325024714488,3139.6237584087066,1.2602407590477689,1.3256472284508938,44,0.8
45,1350.0,0.015456600833962995,0.015169599122276833,0.004586221078305988,0.004548319234123507,1467.649718771845,1495.0001694684347,0.08714793983099635,0.10740753293958126,45,0.8
46,1350.0,-0.016690453885954394,0.024444238275133562,3.3306690738754696e-16,0.003164137017561408,975.2521601277961,996.4135725365454,-0.27759099249792885,-0.26191587219515156,46,0.8
47,1350.0,-0.01834557516546267,0.037417426075423456,-8.604228440844963e-16,0.0031641370175602146,1679.1581262782213,1722.2017239628149,0.2438208342801639,0.2757049807131962,47,0.8
48,1350.0,-0.01975954409538487,0.08216941338936591,-7.771561172376096e-16,0.003164137017560298,3603.218430036235,3713.8569518840854,1.6690506889157297,1.751005149543767,48,0.8
49,1350.0,0.14918676432181657,-0.009801816625037724,0.043019515475169315,0.0013765154479159492,882.8677022485862,894.7417358472369,-0.34602392426030654,-0.33722834381686156,49,0.8
50,1350.0,-0.019898598751360706,0.04491827040441796,5.551115123125783e-16,0.00316413701756163,2318.189536875835,2380.047347777361,0.7171774347228408,0.7629980353906379,50,0.8
51,1350.0,-0.018897409081906517,0.010719832511137355,3.885780586188048e-16,0.0031641370175614636,1649.3359738203899,1683.0955473322529,0.2217303509780666,0.24673744246833546,51,0.8
52,1350.0,-0.01857686099394112,0.020715941105423803,-5.551115123125783e-17,0.0031641370175610195,1554.2520356421742,1592.8138686284701,0.1512978041793883,0.17986212490997786,52,0.8
53,1350.0,0.08539739516653659,0.009685859618580397,0.017044266396292557,0.003989334124769428,597.6695692118307,608.5816233940783,-0.5572818005838291,-0.549198797485868,53,0.8
54,1350.0,-0.018848980497089874,0.12863775298219637,-3.3306690738754696e-16,0.003164137017560742,3489.2326013466727,3598.517044989405,1.5846167417382762,1.6655681814736332,54,0.8
55,1350.0,0.11757500915768049,0.0009948801021895416,0.018625490806568543,0.002304620308100941,692.9474846134674,704.1922447859025,-0.4867055669529871,-0.47837611497340554,55,0.8
56,1350.0,0.2828093692180844,0.07687218228388439,0.027092148305533012,0.007780418241171011,278.7512765923641,283.45511823987454,-0.7935175728945452,-0.7900332457482411,56,0.8
57,1350.0,0.3506675549887898,0.09997380851935807,0.03466043273813027,0.010698529375985463,553.338378347531,560.8504899701911,-0.5901197197425696,-0.5845551926146733,57,0.8
58,1350.0,-0.017733126233742836,0.031492608141661285,-3.608224830031759e-16,0.003164137017560714,1593.0570755092574,1634.0218453874145,0.18004227815500548,0.21038655213882554,58,0.8
59,1350.0,0.2172137252206643,0.012148809997776776,0.03147464725861787,0.003475267933350193,703.3549295901289,716.6057680922993,-0.47899634845175637,-0.4691809125242227,59,0.8
60,1350.0,-0.014347422296884552,0.08585717614251735,3.885780586188048e-16,0.0031641370175614636,1035.995456760168,1068.588764468724,-0.23259595795543106,-0.20845276706020438,60,0.8
61,1350.0,0.09606947121183315,-0.005389022470260035,0.02500525222105114,0.0020399902245595847,723.7383276909419,736.8521701897616,-0.46389753504374676,-0.4541835776372136,61,0.8
62,1350.0,-0.017304194606614223,0.07917802807303602,1.6653345369377348e-16,0.0031641370175612415,2119.4673359961535,2187.310114156504,0.5699758044415951,0.620229714190003,62,0.8
63,1350.0,-0.01584739114868815,0.020169386068341694,5.551115123125783e-17,0.0031641370175611305,1067.9464023023288,1092.748870530371,-0.20892859088716384,-0.19055639219972514,63,0.8
64,1350.0,-0.016854079167676676,0.04090865575328632,4.440892098500626e-16,0.003164137017561519,1702.8333951433806,1754.1797865528981,0.2613580704765782,0.29939243448362823,64,0.8
65,1350.0,-0.01596346217925378,0.03370634298230823,-3.0531133177191805e-16,0.0031641370175607697,936.8498261994903,957.2175706495957,-0.3060371657781554,-0.29094994766696614,65,0.8
66,1350.0,-0.019157382923336203,0.05771973575336739,7.494005416219807e-16,0.0031641370175618244,1844.9140339027917,1892.3174897640856,0.36660298807614206,0.4017166590845079,66,0.8
67,1350.0,0.14478910774352957,0.06825094139356704,0.017544747296704577,0.009131054388838308,809.6055290732426,823.5497600962934,-0.40029220068648697,-0.3899631406694123,67,0.8
68,1350.0,-0.0190849819362895,0.032833793828048574,-1.6653345369377348e-16,0.0031641370175609085,2169.258631516753,2228.051149326525,0.6068582455679653,0.6504082587603888,68,0.8
69,1350.0,0.1393332340075763,-0.006745620298364482,0.04301951547516965,0.0013765154479162822,497.41618896542496,503.7739477365754,-0.6315435637293149,-0.6268341127877219,69,0.8
70,1350.0,-0.018274354404029906,0.013837534219996365,-1.3877787807814457e-16,0.0031641370175609362,1007.0212637622436,1029.3045743700286,-0.2540583231390788,-0.23755216713331215,70,0.8
71,1350.0,-0.018346242747200106,0.027960879524565083,5.551115123125783e-17,0.0031641370175611305,1061.0213360153891,1085.4510107846975,-0.21405826961823027,-0.19596221423355742,71,0.8
72,1350.0,-0.014706788803523456,0.05341501601244315,-6.38378239159465e-16,0.0031641370175604366,1363.7910958627403,1405.9157444190682,0.010215626564992851,0.04141906994005054,72,0.8
73,1350.0,-0.0188423143708146,0.019568866817497404,4.718447854656915e-16,0.003164137017561547,1429.3098428393246,1457.5734343560098,0.058748031732833016,0.07968402544889613,73,0.8
74,1350.0,0.12709861321479196,-0.002625198358327494,0.046371920799181454,0.0030005022855112834,631.7274315128839,640.0798395648004,-0.5320537544349009,-0.5258667855075553,74,0.8
75,1350.0,-0.019178301438113117,0.07372497831944896,7.216449660063518e-16,0.0031641370175617967,3027.842832548939,3115.8806855388634,1.2428465426288438,1.3080597670658247,75,0.8
76,1350.0,0.5892026399252018,0.07152801465939054,0.05381500506738811,0.007044875726146024,271.5842893439928,276.32704164894386,-0.798826452337783,-0.7953133024822638,76,0.8
77,1350.0,-0.01578179404683832,0.05824194480515589,-2.7755575615628914e-17,0.0031641370175610473,1431.6342098073883,1477.5267100718647,0.06046978504250984,0.09446422968286276,77,0.8
78,1350.0,-0.01876271560528901,0.03802003120174868,1.4155343563970746e-15,0.0031641370175624906,2434.3532037259847,2504.4808972613228,0.8032245953525813,0.8551710350083872,78,0.8
79,1350.0,-0.015624895964553753,0.03475967415627499,-4.718447854656915e-16,0.003164137017560603,1279.4079089982702,1313.9250717622403,-0.05229043777905914,-0.02672216906500715,79,0.8
80,1350.0,-0.017461823386382146,0.026676530930566083,4.163336342344337e-16,0.0031641370175614913,1173.4173180656119,1201.3605830648812,-0.13080198661806527,-0.11010327180379169,80,0.8
81,1350.0,0.1068609021341841,0.003937535017748685,0.025038980426689214,0.0037225657537931223,765.226620509791,777.1180505232293,-0.4331654662890437,-0.42435699961242274,81,0.8
82,1350.0,0.08039908122415551,0.013668487391075844,0.021953665744492784,0.005554021947115698,306.00051524006557,310.18973591671653,-0.7733329516740255,-0.7702298252468767,82,0.8
83,1350.0,0.3359433888898774,0.029564948900566563,0.058346964507384386,0.006254732703787458,316.83280232539937,319.03292185041516,-0.765309035314519,-0.7636793171478405,83,0.8
84,1350.0,-0.019210597064771406,0.013916278253075618,5.551115123125783e-17,0.0031641370175611305,1492.9762882810437,1526.1446797802225,0.105908361689662,0.1304775405779426,84,0.8
85,1350.0,0.30155498799209557,0.08103536028353195,0.019987641279358773,0.005988466018201674,1093.7043606343157,1113.5545058130463,-0.18984862175235878,-0.1751448105088546,85,0.8
86,1350.0,0.15191954700410007,0.09230339298142362,0.015760213385560218,0.009930239450155823,400.99784014946397,407.7920387540683,-0.702964562852249,-0.6979318231451347,86,0.8
87,1350.0,-0.017307332206756527,0.039266183424613486,3.3306690738754696e-16,0.003164137017561408,1358.278141465299,1393.7385064874882,0.006131956640962286,0.03239889369443568,87,0.8
88,1350.0,0.17453691798609075,-0.00019824486844888524,0.028228588399351703,0.0019121449680730151,670.2257229733683,680.3099302822698,-0.5035365015012087,-0.49606671830942983,88,0.8
89,1350.0,0.3047898759636446,0.03703033504096101,0.04503416815919081,0.006462949439041896,269.600962769708,273.12144709832296,-0.8002955831335495,-0.7976878169642052,89,0.8
90,1350.0,0.02731781307502277,0.01576964796556043,0.00613032912045576,0.004484703069630405,740.0133831839962,754.3988775075919,-0.45184193838222503,-0.441186016661043,90,0.8
91,1350.0,-0.018209062934241124,0.018583407509456792,-1.1102230246251565e-15,0.003164137017559965,1406.4502681615543,1439.774888413486,0.04181501345300317,0.06649991734332296,91,0.8
92,1350.0,-0.01927353608378093,0.07491932227930179,5.551115123125783e-17,0.0031641370175611305,2992.5047645431314,3079.745283116108,1.2166701959578752,1.2812928023082282,92,0.8
93,1350.0,0.20680247110042074,0.01613706080683172,0.03638704823483707,0.005001969511951365,669.4488903083578,677.7351040191121,-0.5041119331049201,-0.4979739970228799,93,0.8
94,1350.0,-0.020006110468829854,0.02883334733867191,-4.996003610813204e-16,0.0031641370175605754,2382.37606833269,2435.107760109065,0.7647230135797703,0.8037835260067149,94,0.8
95,1350.0,-0.019955707146583773,0.05045903069913187,6.661338147750939e-16,0.003164137017561741,2454.730077366499,2522.808615289853,0.8183185758270362,0.8687471224369283,95,0.8
96,1350.0,-0.020243070303524704,0.06795345583866053,2.220446049250313e-16,0.003164137017561297,3901.4675607892996,3996.1986755510334,1.8899759709550368,1.9601471670748396,96,0.8
97,1350.0,-0.01916637210282742,0.06158361440326918,5.551115123125783e-17,0.0031641370175611305,2118.6863218426006,2173.034841814821,0.5693972754389633,0.6096554383813488,97,0.8
98,1350.0,-0.019617619445106725,0.10049473879793351,9.992007221626409e-16,0.003164137017562074,3223.5199221598546,3323.7673145120925,1.3877925349332256,1.4620498626015501,98,0.8
99,1350.0,0.09515722791188005,0.09406286602533716,0.011378997318509942,0.011263536444487951,617.2337002313831,626.894316938414,-0.542789851680457,-0.5356338393048785,99,0.8
100,1350.0,0.18236501854989165,-0.009169483941299959,0.02684228840571562,0.0009889365114030685,1286.7555456931398,1295.81947092934,-0.04684774393100758,-0.04013372523752592,0,0.9
101,1350.0,0.06647642230745139,-0.007861904304255886,0.012332913169618293,0.0012710094827481921,987.0375234750662,996.2876486678279,-0.26886109372217315,-0.26200914913494233,1,0.9
102,1350.0,-0.017393621534393087,0.0029292460797316505,1.3877787807814457e-16,0.0015560260253847935,1006.564374511978,1017.0510142687845,-0.25439675962075703,-0.24662887831941893,2,0.9
103,1350.0,-0.01908649243255203,0.014483126444037419,6.106226635438361e-16,0.0015560260253852654,2065.267640426148,2091.7774159577857,0.5298278817971466,0.5494647525613228,3,0.9
104,1350.0,0.01381993512941439,-0.0008423480148627926,0.0032575407615243746,0.001495586069276661,693.1739655267999,698.6489174942249,-0.48653780331348156,-0.48248228333761123,4,0.9
105,1350.0,0.21351913155290406,-0.0007452987058917106,0.09675025366361634,0.00014183671646047363,142.52474164256833,142.81517424034948,-0.8944261173018012,-0.8942109820441856,5,0.9
106,1350.0,-0.016656587159078473,-0.0006430624556108613,2.220446049250313e-16,0.0015560260253848768,936.8162408637645,948.3616337679094,-0.3060620438046189,-0.29750990091265966,6,0.9
107,1350.0,0.12153511605344738,-0.0024731429799842598,0.013991866598467934,0.0012422707807873273,718.637951627355,724.5949513535669,-0.46767559138714443,-0.46326299899735784,7,0.9
108,1350.0,0.1316873270200077,-0.010904842762933013,0.048057320613977356,0.000600379140727636,721.8051804086905,726.837291028531,-0.4653294959935626,-0.4616020066455326,8,0.9
109,1350.0,0.08116572043514687,-0.007722622450566482,0.020212163719366405,0.0011030509448934495,525.5668500835079,530.4669797691497,-0.6106912221603645,-0.6070614964672966,9,0.9
110,1350.0,0.24528007568181415,-0.0038422441959262517,0.049748911910880725,0.0005745111928474184,379.19027728918167,381.3534652846796,-0.7191183131191247,-0.717515951640978,10,0.9
111,1350.0,-0.019057457317466095,0.004941294696787816,2.7755575615628914e-17,0.0015560260253846825,1710.1206532918304,1728.7330310373595,0.2667560394754299,0.28054298595359967,11,0.9
112,1350.0,0.11972665696574204,-0.00568414694562965,0.04974891191088082,0.0005745111928475155,424.6098158165254,426.5148645829882,-0.6854742105062775,-0.6840630632718606,12,0.9
113,1350.0,0.10788420711040742,-0.0014956057459776181,0.03474959504703268,0.004152042298953149,1018.6551037781018,1026.7549031578721,-0.24544066386807276,-0.23944081247565027,13,0.9
114,1350.0,-0.016597702638336466,0.03626449610231957,4.440892098500626e-16,0.0015560260253850988,1959.51882770995,1990.8141509490324,0.45149542793329633,0.4746771488511351,14,0.9
115,1350.0,-0.01912144475812537,-0.001108262639769398,1.6653345369377348e-16,0.0015560260253848213,1414.2327438738212,1430.8039457455257,0.04757981027690457,0.0598547746263153,15,0.9
116,1350.0,0.26502878480584124,0.010840048033325863,0.05866409167824101,0.003974086894577122,291.8666113961054,293.1251358178115,-0.783802510076959,-0.7828702697645841,16,0.9
117,1350.0,0.011691272889631147,-0.0003216568507326011,0.00305239979782361,0.0014829966255338473,595.4134080365204,602.4004046929356,-0.5589530310840589,-0.5537774780052329,17,0.9
118,1350.0,-0.016074245707427978,0.0031865344492263965,1.3877787807814457e-16,0.0015560260253847935,869.6753461897928,877.6853063541387,-0.35579603985941277,-0.34986273603397133,18,0.9
119,1350.0,0.1473321296029488,-0.011712622950616758,0.03474375143815679,0.00082280362248352,1126.337801157802,1134.650837436202,-0.16567570284607258,-0.15951789819540593,19,0.9
120,1350.0,0.11039776710642393,-0.004492337176163362,0.017044266396292196,0.0011692413809371582,572.7154393546925,577.9410877273151,-0.5757663412187463,-0.5718954905723592,20,0.9
121,1350.0,0.16156391354043997,-0.00900219710688769,0.046371920799182204,0.0006266926949652502,572.7006151429986,575.6289754310171,-0.5757773221162974,-0.5736081663473948,21,0.9
122,1350.0,0.026081387314304337,0.004347704743859061,0.0034145534663255067,0.001506581307283622,489.84990640591934,494.15031701719397,-0.6371482174770968,-0.6339627281354119,22,0.9
123,1350.0,-0.018730201823208194,0.005692230318791784,-2.220446049250313e-16,0.0015560260253844327,1711.4061498301517,1731.6541580446565,0.2677082591334457,0.2827067837367826,23,0.9
124,1350.0,-0.013695779028355197,0.0021048184823175015,-8.326672684688674e-17,0.0015560260253845715,766.6897539774284,775.3818429519927,-0.43208166372042345,-0.42564307929482026,24,0.9
125,1350.0,-0.019773921234494098,0.040388482614763965,2.7755575615628914e-16,0.0015560260253849323,2988.163041215495,3032.0436035206803,1.2134541046040703,1.2459582248301335,25,0.9
126,1350.0,-0.019085750211875883,0.011079068047169025,-1.7486012637846216e-15,0.0015560260253829061,1866.3813859502907,1888.620476816434,0.38250473033354865,0.39897813097513624,26,0.9
127,1350.0,-0.019225564089979486,0.02594994659250401,-2.7755575615628914e-16,0.0015560260253843772,2255.7526509907566,2286.440480186276,0.6709278896227827,0.6936596149527972,27,0.9
128,1350.0,-0.014470009280610409,0.009830186322617717,0.0,0.0015560260253846547,866.7065956053654,876.6874860201516,-0.35799511436639603,-0.3506018622072951,28,0.9
129,1350.0,-0.019664974288819873,0.016317120578497664,-1.3877787807814457e-16,0.001556026025384516,2328.056135480935,2359.6046538703004,0.7244860262821742,0.7478552991631855,29,0.9
130,1350.0,0.03591474573706758,-0.0013615711692099625,0.004711353226674389,0.0014542579235741204,1408.2195563635655,1422.2796206673822,0.043125597306344826,0.053540459753616466,30,0.9
131,1350.0,-0.0195662610468193,0.02931177798269833,-8.326672684688674e-17,0.0015560260253845715,2551.575459724252,2586.4742626555426,0.8900558960920386,0.9159068612263278,31,0.9
132,1350.0,-0.01491790271812959,0.000779965913141375,-3.885780586188048e-16,0.0015560260253842662,733.2871281875954,740.8116617510912,-0.4568243494906701,-0.45125062092511764,32,0.9
133,1350.0,0.1726021074721874,-0.005971642659388868,0.07449823265941116,0.0002929643778378649,284.09559511099496,285.0395087537305,-0.7895588184363,-0.7888596231453849,33,0.9
134,1350.0,-0.01417616292815325,0.004088647146422441,1.942890293094024e-16,0.001556026025384849,1259.1807723667316,1275.2695171959538,-0.06727350195056918,-0.05535591318818239,34,0.9
135,1350.0,-0.017207211081214615,0.023877208824817107,3.0531133177191805e-16,0.00155602602538496,2469.706363980321,2509.1009969286624,0.8294121214669044,0.8585933310582685,35,0.9
136,1350.0,-0.020006746564508328,0.015853410926073945,2.7755575615628914e-16,0.0015560260253849323,3794.1388698698256,3845.345772009727,1.8104732369406116,1.8484042755627608,36,0.9
137,1350.0,0.1562359612014101,0.008715509462967628,0.020979313913837297,0.0027135027303184095,789.0659817517354,794.0448416747807,-0.4155066801838997,-0.4118186357964587,37,0.9
138,1350.0,0.1750383446906798,-0.0026444996307394674,0.020488931325092385,0.0011197287302508047,485.5928356906964,488.9332644300589,-0.6403016031920767,-0.6378272115332897,38,0.9
139,1350.0,0.1545314714770587,0.09168044734480468,0.017336131576043648,0.010666696348204024,353.27362796237793,355.82771857648254,-0.7383158311389793,-0.7364239121655685,39,0.9
140,1350.0,-0.01955152347721586,0.02641812014850122,6.661338147750939e-16,0.0015560260253853209,2558.4764378121645,2594.3623781917036,0.8951677317127145,0.9217499097716323,40,0.9
141,1350.0,-0.0162384373018267,0.005020849112572457,8.881784197001252e-16,0.001556026025385543,901.7066893824552,911.975524643122,-0.3320691189759591,-0.3244625743384282,41,0.9
142,1350.0,-0.019046514620813425,0.0009812710489102675,5.551115123125783e-17,0.0015560260253847102,2176.8128435198755,2206.5378092637734,0.6124539581628707,0.6344724513064988,42,0.9
143,1350.0,0.03888656827734934,0.012870007772298504,0.006418664620766817,0.0030963818606704052,527.0511280293352,531.532792004039,-0.6095917570153072,-0.6062720059229341,43,0.9
144,1350.0,-0.02015568287520508,0.037329759963084436,8.326672684688674e-16,0.0015560260253854874,3051.325024714488,3094.703645224675,1.2602407590477689,1.2923730705367962,44,0.9
145,1350.0,0.015456600833962995,-0.008314970260834973,0.004586221078305988,0.001446914422905149,1467.649718771845,1481.1525583666405,0.08714793983099635,0.09715004323454852,45,0.9
146,1350.0,-0.016690453885954394,0.003538332412995294,3.3306690738754696e-16,0.0015560260253849878,975.2521601277961,985.6721122105746,-0.27759099249792885,-0.26987250947364844,46,0.9
147,1350.0,-0.01834557516546267,0.009076967127366716,-8.604228440844963e-16,0.0015560260253837943,1679.1581262782213,1700.3196484927312,0.2438208342801639,0.2594960359205416,47,0.9
148,1350.0,-0.01975954409538487,0.03036600663340458,-7.771561172376096e-16,0.0015560260253838776,3603.218430036235,3657.5608531631437,1.6690506889157297,1.7093043356764028,48,0.9
149,1350.0,0.14918676432181657,-0.012458636247352793,0.043019515475169315,0.0006806293726672047,882.8677022485862,888.7517882582622,-0.34602392426030654,-0.3416653420309169,49,0.9
150,1350.0,-0.019898598751360706,0.011976359485461838,5.551115123125783e-16,0.0015560260253852098,2318.189536875835,2348.598346946309,0.7171774347228408,0.7397024792194882,50,0.9
151,1350.0,-0.018897409081906517,-0.004332553494709562,3.885780586188048e-16,0.0015560260253850433,1649.3359738203899,1665.975269456176,0.2217303509780666,0.23405575515272295,51,0.9
152,1350.0,-0.01857686099394112,0.0007461399815438052,-5.551115123125783e-17,0.0015560260253845992,1554.2520356421742,1573.217725147708,0.1512978041793883,0.16534646307237633,52,0.9
153,1350.0,0.08539739516653659,-0.006669150701074989,0.017044266396292557,0.001169241380937519,597.6695692118307,603.055394850849,-0.5572818005838291,-0.5532923001104822,53,0.9
154,1350.0,-0.018848980497089874,0.05368049418085363,-3.3306690738754696e-16,0.0015560260253843217,3489.2326013466727,3542.8919119763423,1.5846167417382762,1.624364379241735,54,0.9
155,1350.0,0.11757500915768049,-0.007352747959711852,0.018625490806568543,0.0011359772668600304,692.9474846134674,698.5054416975671,-0.4867055669529871,-0.48258856170550585,55,0.9
156,1350.0,0.2828093692180844,0.04360312667116444,0.027092148305533012,0.004660617339479672,278.7512765923641,281.0644306519903,-0.7935175728945452,-0.7918041254429702,56,0.9
157,1350.0,0.3506675549887898,0.03399439000485675,0.03466043273813027,0.0043920599382734765,553.338378347531,557.05036363016,-0.5901197197425696,-0.5873701010146963,57,0.9
158,1350.0,-0.017733126233742836,0.006474587712172703,-3.608224830031759e-16,0.001556026025384294,1593.0570755092574,1613.2134360705468,0.18004227815500548,0.19497291560781244,58,0.9
159,1350.0,0.2172137252206643,0.005290017134229778,0.03147464725861787,0.0025387745166623177,703.3549295901289,709.900719059998,-0.47899634845175637,-0.4741476155111126,59,0.9
160,1350.0,-0.014347422296884552,0.034930141275603274,3.885780586188048e-16,0.0015560260253850433,1035.995456760168,1051.9779269808303,-0.23259595795543106,-0.22075709112531092,60,0.9
161,1350.0,0.09606947121183315,-0.009955547543554145,0.02500525222105114,0.00100635133523852,723.7383276909419,730.2164143295394,-0.46389753504374676,-0.45909895234848935,61,0.9
162,1350.0,-0.017304194606614223,0.030142818162830588,1.6653345369377348e-16,0.0015560260253848213,2119.4673359961535,2152.750777829786,0.5699758044415951,0.5946302057998414,62,0.9
163,1350.0,-0.01584739114868815,0.0018645607639940815,5.551115123125783e-17,0.0015560260253847102,1067.9464023023288,1080.1548382569413,-0.20892859088716384,-0.19988530499485832,63,0.9
164,1350.0,-0.016854079167676676,0.011551871123216042,4.440892098500626e-16,0.0015560260253850988,1702.8333951433806,1728.0534617219978,0.2613580704765782,0.28003960127555394,64,0.9
165,1350.0,-0.01596346217925378,0.008462632227602516,-3.0531133177191805e-16,0.0015560260253843494,936.8498261994903,946.8658160090874,-0.3060371657781554,-0.2986179140673426,65,0.9
166,1350.0,-0.019157382923336203,0.01864843798569038,7.494005416219807e-16,0.0015560260253854041,1844.9140339027917,1868.2154925158109,0.36660298807614206,0.3838633277894895,66,0.9
167,1350.0,0.14478910774352957,0.041303371348580684,0.017544747296704577,0.00616876002271724,809.6055290732426,816.498813804676,-0.40029220068648697,-0.3951860638483881,67,0.9
168,1350.0,-0.0190849819362895,0.006447087581259686,-1.6653345369377348e-16,0.0015560260253844882,2169.258631516753,2198.1708350198096,0.6068582455679653,0.6282746926072663,68,0.9
169,1350.0,0.1393332340075763,-0.0091867086093235,0.04301951547516965,0.0006806293726675378,497.41618896542496,500.5659520450762,-0.6315435637293149,-0.6292104058925362,69,0.9
170,1350.0,-0.018274354404029906,-0.0024827075360466257,-1.3877787807814457e-16,0.001556026025384516,1007.0212637622436,1017.9899786912243,-0.2540583231390788,-0.2459333491176116,70,0.9
171,1350.0,-0.018346242747200106,0.004426186833323006,5.551115123125783e-17,0.0015560260253847102,1061.0213360153891,1073.035563229821,-0.21405826961823027,-0.20515884205198442,71,0.9
172,1350.0,-0.014706788803523456,0.018793435934380685,-6.38378239159465e-16,0.0015560260253840164,1363.7910958627403,1384.4524804023351,0.010215626564992851,0.025520355853581585,72,0.9
173,1350.0,-0.0188423143708146,4.713234500710973e-05,4.718447854656915e-16,0.0015560260253851266,1429.3098428393246,1443.2445334478916,0.058748031732833016,0.06907002477621602,73,0.9
174,1350.0,0.12709861321479196,-0.00972525730469319,0.046371920799181454,0.0006266926949645008,631.7274315128839,635.8643398799235,-0.5320537544349009,-0.5289893778667234,74,0.9
175,1350.0,-0.019178301438113117,0.026508696420717008,7.216449660063518e-16,0.0015560260253853764,3027.842832548939,3071.1016290214375,1.2428465426288438,1.274890095571435,75,0.9
176,1350.0,0.5892026399252018,0.040127590811614475,0.05381500506738811,0.004207954978917544,271.5842893439928,273.9099922092586,-0.798826452337783,-0.7971037094746232,76,0.9
177,1350.0,-0.01578179404683832,0.020620821740882353,-2.7755575615628914e-17,0.001556026025384627,1431.6342098073883,1454.1469634980838,0.06046978504250984,0.07714589888746946,77,0.9
178,1350.0,-0.01876271560528901,0.009161306437436133,1.4155343563970746e-15,0.0015560260253860703,2434.3532037259847,2468.8233145993654,0.8032245953525813,0.8287580108143447,78,0.9
179,1350.0,-0.015624895964553753,0.0091526980368142,-4.718447854656915e-16,0.0015560260253841829,1279.4079089982702,1296.3787392329154,-0.05229043777905914,-0.03971945242006263,79,0.9
180,1350.0,-0.017461823386382146,0.004244072298173139,4.163336342344337e-16,0.001556026025385071,1173.4173180656119,1187.1578895565672,-0.13080198661806527,-0.12062378551365395,80,0.9
181,1350.0,0.1068609021341841,-0.009166845080237997,0.025038980426689214,0.0010085231799243505,765.226620509791,771.1049460841009,-0.4331654662890437,-0.4288111510488141,81,0.9
182,1350.0,0.08039908122415551,0.002013682504062703,0.021953665744492784,0.002689748789993035,306.00051524006557,308.06958883145603,-0.7733329516740255,-0.7718003045692918,82,0.9
183,1350.0,0.3359433888898774,0.005661344770226196,0.058346964507384386,0.0021905038783435055,316.83280232539937,317.92592094115713,-0.765309035314519,-0.7644993178213652,83,0.9
184,1350.0,-0.019210597064771406,-0.0029198107150783283,5.551115123125783e-17,0.0015560260253847102,1492.9762882810437,1509.3120645699055,0.105908361689662,0.1180089367184485,84,0.9
185,1350.0,0.30155498799209557,0.032679708774877914,0.019987641279358773,0.0029187200397089164,1093.7043606343157,1103.477164718465,-0.18984862175235878,-0.18260950761595185,85,0.9
186,1350.0,0.15191954700410007,0.04061199398167125,0.015760213385560218,0.004875241961748308,400.99784014946397,404.3405888141598,-0.702964562852249,-0.7004884527302521,86,0.9
187,1350.0,-0.017307332206756527,0.010513796328875273,3.3306690738754696e-16,0.0015560260253849878,1358.278141465299,1375.7144849336644,0.006131956640962286,0.01904776661752917,87,0.9
188,1350.0,0.17453691798609075,-0.006628685170279817,0.028228588399351703,0.0009436717902832487,670.2257229733683,675.2129269701608,-0.5035365015012087,-0.49984227631839945,88,0.9
189,1350.0,0.3047898759636446,0.008453128410050791,0.04503416815919081,0.002346354065545911,269.600962769708,271.3428753841991,-0.8002955831335495,-0.799005277493186,89,0.9
190,1350.0,0.02731781307502277,-0.005797049344171552,0.00613032912045576,0.001411425316259901,740.0133831839962,747.1057123120434,-0.45184193838222503,-0.44658836125033824,90,0.9
191,1350.0,-0.018209062934241124,-0.00011564876448493014,-1.1102230246251565e-15,0.0015560260253835445,1406.4502681615543,1422.855418167718,0.04181501345300317,0.05396697642053183,91,0.9
192,1350.0,-0.01927353608378093,0.027047637179221824,5.551115123125783e-17,0.0015560260253847102,2992.5047645431314,3035.3715108307856,1.2166701959578752,1.2484233413561374,92,0.9
193,1350.0,0.20680247110042074,0.0007315706598655759,0.03638704823483707,0.0024661004191637997,669.4488903083578,673.5553310169162,-0.5041119331049201,-0.5010701251726547,93,0.9
194,1350.0,-0.020006110468829854,0.004011644448978986,-4.996003610813204e-16,0.0015560260253841551,2382.37606833269,2408.3573869071083,0.7647230135797703,0.7839684347460062,94,0.9
195,1350.0,-0.019955707146583773,0.01467211208199881,6.661338147750939e-16,0.0015560260253853209,2454.730077366499,2488.1808078546665,0.8183185758270362,0.8430968947071603,95,0.9
196,1350.0,-0.020243070303524704,0.023129289763088406,2.220446049250313e-16,0.0015560260253848768,3901.4675607892996,3948.115198734844,1.8899759709550368,1.924529776840625,96,0.9
197,1350.0,-0.01916637210282742,0.020544007016530887,5.551115123125783e-17,0.0015560260253847102,2118.6863218426006,2145.4045483073223,0.5693972754389633,0.5891885543017202,97,0.9
198,1350.0,-0.019617619445106725,0.03944997287444368,9.992007221626409e-16,0.001556026025385654,3223.5199221598546,3272.752242766617,1.3877925349332256,1.4242609205678647,98,0.9
199,1350.0,0.09515722791188005,0.048541738649190785,0.011378997318509942,0.006460820617167129,617.2337002313831,622.0031462665162,-0.542789851680457,-0.5392569286914695,99,0.9
200,1350.0,0.18236501854989165,-0.0164960179815005,0.02684228840571562,-1.3877787807814457e-17,1286.7555456931398,1286.7555456931398,-0.04684774393100758,-0.04684774393100758,0,1.0
201,1350.0,0.06647642230745139,-0.016403356185384414,0.012332913169618293,4.440892098500626e-16,987.0375234750662,987.0375234750662,-0.26886109372217315,-0.26886109372217315,1,1.0
202,1350.0,-0.017393621534393087,-0.017393621534393087,1.3877787807814457e-16,1.3877787807814457e-16,1006.564374511978,1006.564374511978,-0.25439675962075703,-0.25439675962075703,2,1.0
203,1350.0,-0.01908649243255203,-0.01908649243255203,6.106226635438361e-16,6.106226635438361e-16,2065.267640426148,2065.267640426148,0.5298278817971466,0.5298278817971466,3,1.0
204,1350.0,0.01381993512941439,-0.01328801787848033,0.0032575407615243746,2.7755575615628914e-16,693.1739655267999,693.1739655267999,-0.48653780331348156,-0.48653780331348156,4,1.0
205,1350.0,0.21351913155290406,-0.0010598734003386132,0.09675025366361634,1.457167719820518e-16,142.52474164256833,142.52474164256833,-0.8944261173018012,-0.8944261173018012,5,1.0
206,1350.0,-0.016656587159078473,-0.016656587159078473,2.220446049250313e-16,2.220446049250313e-16,936.8162408637645,936.8162408637645,-0.3060620438046189,-0.3060620438046189,6,1.0
207,1350.0,0.12153511605344738,-0.014556023016068823,0.013991866598467934,-4.996003610813204e-16,718.637951627355,718.637951627355,-0.46767559138714443,-0.46767559138714443,7,1.0
208,1350.0,0.1316873270200077,-0.01270878043171412,0.048057320613977356,2.498001805406602e-16,721.8051804086905,721.8051804086905,-0.4653294959935626,-0.4653294959935626,8,1.0
209,1350.0,0.08116572043514687,-0.012853596963474793,0.020212163719366405,-1.3877787807814457e-16,525.5668500835079,525.5668500835079,-0.6106912221603645,-0.6106912221603645,9,1.0
210,1350.0,0.24528007568181415,-0.006752774046173929,0.049748911910880725,0.0,379.19027728918167,379.19027728918167,-0.7191183131191247,-0.7191183131191247,10,1.0
211,1350.0,-0.019057457317466095,-0.019057457317466095,2.7755575615628914e-17,2.7755575615628914e-17,1710.1206532918304,1710.1206532918304,0.2667560394754299,0.2667560394754299,11,1.0
212,1350.0,0.11972665696574204,-0.007149338376516851,0.04974891191088082,9.71445146547012e-17,424.6098158165254,424.6098158165254,-0.6854742105062775,-0.6854742105062775,12,1.0
213,1350.0,0.10788420711040742,-0.016338283308150774,0.03474959504703268,-3.608224830031759e-16,1018.6551037781018,1018.6551037781018,-0.24544066386807276,-0.24544066386807276,13,1.0
214,1350.0,-0.016597702638336466,-0.016597702638336466,4.440892098500626e-16,4.440892098500626e-16,1959.51882770995,1959.51882770995,0.45149542793329633,0.45149542793329633,14,1.0
215,1350.0,-0.01912144475812537,-0.01912144475812537,1.6653345369377348e-16,1.6653345369377348e-16,1414.2327438738212,1414.2327438738212,0.04757981027690457,0.04757981027690457,15,1.0
216,1350.0,0.26502878480584124,-0.007630751732601237,0.05866409167824101,4.579669976578771e-16,291.8666113961054,291.8666113961054,-0.783802510076959,-0.783802510076959,16,1.0
217,1350.0,0.011691272889631147,-0.011673191359069073,0.00305239979782361,-4.440892098500626e-16,595.4134080365204,595.4134080365204,-0.5589530310840589,-0.5589530310840589,17,1.0
218,1350.0,-0.016074245707427978,-0.016074245707427978,1.3877787807814457e-16,1.3877787807814457e-16,869.6753461897928,869.6753461897928,-0.35579603985941277,-0.35579603985941277,18,1.0
219,1350.0,0.1473321296029488,-0.015570492702640121,0.03474375143815679,1.249000902703301e-16,1126.337801157802,1126.337801157802,-0.16567570284607258,-0.16567570284607258,19,1.0
220,1350.0,0.11039776710642393,-0.01295432473570962,0.017044266396292196,-2.914335439641036e-16,572.7154393546925,572.7154393546925,-0.5757663412187463,-0.5757663412187463,20,1.0
221,1350.0,0.16156391354043997,-0.011338889697157926,0.046371920799182204,-1.8041124150158794e-16,572.7006151429986,572.7006151429986,-0.5757773221162974,-0.5757773221162974,21,1.0
222,1350.0,0.026081387314304337,-0.012813740586405208,0.0034145534663255067,2.3592239273284576e-16,489.84990640591934,489.84990640591934,-0.6371482174770968,-0.6371482174770968,22,1.0
223,1350.0,-0.018730201823208194,-0.018730201823208194,-2.220446049250313e-16,-2.220446049250313e-16,1711.4061498301517,1711.4061498301517,0.2677082591334457,0.2677082591334457,23,1.0
224,1350.0,-0.013695779028355197,-0.013695779028355197,-8.326672684688674e-17,-8.326672684688674e-17,766.6897539774284,766.6897539774284,-0.43208166372042345,-0.43208166372042345,24,1.0
225,1350.0,-0.019773921234494098,-0.019773921234494098,2.7755575615628914e-16,2.7755575615628914e-16,2988.163041215495,2988.163041215495,1.2134541046040703,1.2134541046040703,25,1.0
226,1350.0,-0.019085750211875883,-0.019085750211875883,-1.7486012637846216e-15,-1.7486012637846216e-15,1866.3813859502907,1866.3813859502907,0.38250473033354865,0.38250473033354865,26,1.0
227,1350.0,-0.019225564089979486,-0.019225564089979486,-2.7755575615628914e-16,-2.7755575615628914e-16,2255.7526509907566,2255.7526509907566,0.6709278896227827,0.6709278896227827,27,1.0
228,1350.0,-0.014470009280610409,-0.014470009280610409,0.0,0.0,866.7065956053654,866.7065956053654,-0.35799511436639603,-0.35799511436639603,28,1.0
229,1350.0,-0.019664974288819873,-0.019664974288819873,-1.3877787807814457e-16,-1.3877787807814457e-16,2328.056135480935,2328.056135480935,0.7244860262821742,0.7244860262821742,29,1.0
230,1350.0,0.03591474573706758,-0.01800504462576606,0.004711353226674389,-2.3592239273284576e-16,1408.2195563635655,1408.2195563635655,0.043125597306344826,0.043125597306344826,30,1.0
231,1350.0,-0.0195662610468193,-0.0195662610468193,-8.326672684688674e-17,-8.326672684688674e-17,2551.575459724252,2551.575459724252,0.8900558960920386,0.8900558960920386,31,1.0
232,1350.0,-0.01491790271812959,-0.01491790271812959,-3.885780586188048e-16,-3.885780586188048e-16,733.2871281875954,733.2871281875954,-0.4568243494906701,-0.4568243494906701,32,1.0
233,1350.0,0.1726021074721874,-0.006676656586526988,0.07449823265941116,-3.2612801348363973e-16,284.09559511099496,284.09559511099496,-0.7895588184363,-0.7895588184363,33,1.0
234,1350.0,-0.01417616292815325,-0.01417616292815325,1.942890293094024e-16,1.942890293094024e-16,1259.1807723667316,1259.1807723667316,-0.06727350195056918,-0.06727350195056918,34,1.0
235,1350.0,-0.017207211081214615,-0.017207211081214615,3.0531133177191805e-16,3.0531133177191805e-16,2469.706363980321,2469.706363980321,0.8294121214669044,0.8294121214669044,35,1.0
236,1350.0,-0.020006746564508328,-0.020006746564508328,2.7755575615628914e-16,2.7755575615628914e-16,3794.1388698698256,3794.1388698698256,1.8104732369406116,1.8104732369406116,36,1.0
237,1350.0,0.1562359612014101,-0.013199594363971435,0.020979313913837297,-8.326672684688674e-17,789.0659817517354,789.0659817517354,-0.4155066801838997,-0.4155066801838997,37,1.0
238,1350.0,0.1750383446906798,-0.012916300170036294,0.020488931325092385,-3.885780586188048e-16,485.5928356906964,485.5928356906964,-0.6403016031920767,-0.6403016031920767,38,1.0
239,1350.0,0.1545314714770587,-0.008839726656427464,0.017336131576043648,1.6653345369377348e-16,353.27362796237793,353.27362796237793,-0.7383158311389793,-0.7383158311389793,39,1.0
240,1350.0,-0.01955152347721586,-0.01955152347721586,6.661338147750939e-16,6.661338147750939e-16,2558.4764378121645,2558.4764378121645,0.8951677317127145,0.8951677317127145,40,1.0
241,1350.0,-0.0162384373018267,-0.0162384373018267,8.881784197001252e-16,8.881784197001252e-16,901.7066893824552,901.7066893824552,-0.3320691189759591,-0.3320691189759591,41,1.0
242,1350.0,-0.019046514620813425,-0.019046514620813425,5.551115123125783e-17,5.551115123125783e-17,2176.8128435198755,2176.8128435198755,0.6124539581628707,0.6124539581628707,42,1.0
243,1350.0,0.03888656827734934,-0.011377538821995662,0.006418664620766817,5.967448757360216e-16,527.0511280293352,527.0511280293352,-0.6095917570153072,-0.6095917570153072,43,1.0
244,1350.0,-0.02015568287520508,-0.02015568287520508,8.326672684688674e-16,8.326672684688674e-16,3051.325024714488,3051.325024714488,1.2602407590477689,1.2602407590477689,44,1.0
245,1350.0,0.015456600833962995,-0.019271347845993384,0.004586221078305988,2.498001805406602e-16,1467.649718771845,1467.649718771845,0.08714793983099635,0.08714793983099635,45,1.0
246,1350.0,-0.016690453885954394,-0.016690453885954394,3.3306690738754696e-16,3.3306690738754696e-16,975.2521601277961,975.2521601277961,-0.27759099249792885,-0.27759099249792885,46,1.0
247,1350.0,-0.01834557516546267,-0.01834557516546267,-8.604228440844963e-16,-8.604228440844963e-16,1679.1581262782213,1679.1581262782213,0.2438208342801639,0.2438208342801639,47,1.0
248,1350.0,-0.01975954409538487,-0.01975954409538487,-7.771561172376096e-16,-7.771561172376096e-16,3603.218430036235,3603.218430036235,1.6690506889157297,1.6690506889157297,48,1.0
249,1350.0,0.14918676432181657,-0.0150572073887275,0.043019515475169315,1.249000902703301e-16,882.8677022485862,882.8677022485862,-0.34602392426030654,-0.34602392426030654,49,1.0
250,1350.0,-0.019898598751360706,-0.019898598751360706,5.551115123125783e-16,5.551115123125783e-16,2318.189536875835,2318.189536875835,0.7171774347228408,0.7171774347228408,50,1.0
251,1350.0,-0.018897409081906517,-0.018897409081906517,3.885780586188048e-16,3.885780586188048e-16,1649.3359738203899,1649.3359738203899,0.2217303509780666,0.2217303509780666,51,1.0
252,1350.0,-0.01857686099394112,-0.01857686099394112,-5.551115123125783e-17,-5.551115123125783e-17,1554.2520356421742,1554.2520356421742,0.1512978041793883,0.1512978041793883,52,1.0
253,1350.0,0.08539739516653659,-0.013450117353049726,0.017044266396292557,6.938893903907228e-17,597.6695692118307,597.6695692118307,-0.5572818005838291,-0.5572818005838291,53,1.0
254,1350.0,-0.018848980497089874,-0.018848980497089874,-3.3306690738754696e-16,-3.3306690738754696e-16,3489.2326013466727,3489.2326013466727,1.5846167417382762,1.5846167417382762,54,1.0
255,1350.0,0.11757500915768049,-0.015467044092820152,0.018625490806568543,-2.636779683484747e-16,692.9474846134674,692.9474846134674,-0.4867055669529871,-0.4867055669529871,55,1.0
256,1350.0,0.2828093692180844,-0.0060969478985625864,0.027092148305533012,-1.5265566588595902e-16,278.7512765923641,278.7512765923641,-0.7935175728945452,-0.7935175728945452,56,1.0
257,1350.0,0.3506675549887898,-0.011956131704691958,0.03466043273813027,-1.0547118733938987e-15,553.338378347531,553.338378347531,-0.5901197197425696,-0.5901197197425696,57,1.0
258,1350.0,-0.017733126233742836,-0.017733126233742836,-3.608224830031759e-16,-3.608224830031759e-16,1593.0570755092574,1593.0570755092574,0.18004227815500548,0.18004227815500548,58,1.0
259,1350.0,0.2172137252206643,-0.013303737212305064,0.03147464725861787,-4.3021142204224816e-16,703.3549295901289,703.3549295901289,-0.47899634845175637,-0.47899634845175637,59,1.0
260,1350.0,-0.014347422296884552,-0.014347422296884552,3.885780586188048e-16,3.885780586188048e-16,1035.995456760168,1035.995456760168,-0.23259595795543106,-0.23259595795543106,60,1.0
261,1350.0,0.09606947121183315,-0.014401518619514893,0.02500525222105114,1.3877787807814457e-17,723.7383276909419,723.7383276909419,-0.46389753504374676,-0.46389753504374676,61,1.0
262,1350.0,-0.017304194606614223,-0.017304194606614223,1.6653345369377348e-16,1.6653345369377348e-16,2119.4673359961535,2119.4673359961535,0.5699758044415951,0.5699758044415951,62,1.0
263,1350.0,-0.01584739114868815,-0.01584739114868815,5.551115123125783e-17,5.551115123125783e-17,1067.9464023023288,1067.9464023023288,-0.20892859088716384,-0.20892859088716384,63,1.0
264,1350.0,-0.016854079167676676,-0.016854079167676676,4.440892098500626e-16,4.440892098500626e-16,1702.8333951433806,1702.8333951433806,0.2613580704765782,0.2613580704765782,64,1.0
265,1350.0,-0.01596346217925378,-0.01596346217925378,-3.0531133177191805e-16,-3.0531133177191805e-16,936.8498261994903,936.8498261994903,-0.3060371657781554,-0.3060371657781554,65,1.0
266,1350.0,-0.019157382923336203,-0.019157382923336203,7.494005416219807e-16,7.494005416219807e-16,1844.9140339027917,1844.9140339027917,0.36660298807614206,0.36660298807614206,66,1.0
267,1350.0,0.14478910774352957,-0.0148129602030919,0.017544747296704577,-6.38378239159465e-16,809.6055290732426,809.6055290732426,-0.40029220068648697,-0.40029220068648697,67,1.0
268,1350.0,-0.0190849819362895,-0.0190849819362895,-1.6653345369377348e-16,-1.6653345369377348e-16,2169.258631516753,2169.258631516753,0.6068582455679653,0.6068582455679653,68,1.0
269,1350.0,0.1393332340075763,-0.011574278162456294,0.04301951547516965,4.579669976578771e-16,497.41618896542496,497.41618896542496,-0.6315435637293149,-0.6315435637293149,69,1.0
270,1350.0,-0.018274354404029906,-0.018274354404029906,-1.3877787807814457e-16,-1.3877787807814457e-16,1007.0212637622436,1007.0212637622436,-0.2540583231390788,-0.2540583231390788,70,1.0
271,1350.0,-0.018346242747200106,-0.018346242747200106,5.551115123125783e-17,5.551115123125783e-17,1061.0213360153891,1061.0213360153891,-0.21405826961823027,-0.21405826961823027,71,1.0
272,1350.0,-0.014706788803523456,-0.014706788803523456,-6.38378239159465e-16,-6.38378239159465e-16,1363.7910958627403,1363.7910958627403,0.010215626564992851,0.010215626564992851,72,1.0
273,1350.0,-0.0188423143708146,-0.0188423143708146,4.718447854656915e-16,4.718447854656915e-16,1429.3098428393246,1429.3098428393246,0.058748031732833016,0.058748031732833016,73,1.0
274,1350.0,0.12709861321479196,-0.011599693693033177,0.046371920799181454,-9.298117831235686e-16,631.7274315128839,631.7274315128839,-0.5320537544349009,-0.5320537544349009,74,1.0
275,1350.0,-0.019178301438113117,-0.019178301438113117,7.216449660063518e-16,7.216449660063518e-16,3027.842832548939,3027.842832548939,1.2428465426288438,1.2428465426288438,75,1.0
276,1350.0,0.5892026399252018,-0.006448109267234673,0.05381500506738811,-2.498001805406602e-16,271.5842893439928,271.5842893439928,-0.798826452337783,-0.798826452337783,76,1.0
277,1350.0,-0.01578179404683832,-0.01578179404683832,-2.7755575615628914e-17,-2.7755575615628914e-17,1431.6342098073883,1431.6342098073883,0.06046978504250984,0.06046978504250984,77,1.0
278,1350.0,-0.01876271560528901,-0.01876271560528901,1.4155343563970746e-15,1.4155343563970746e-15,2434.3532037259847,2434.3532037259847,0.8032245953525813,0.8032245953525813,78,1.0
279,1350.0,-0.015624895964553753,-0.015624895964553753,-4.718447854656915e-16,-4.718447854656915e-16,1279.4079089982702,1279.4079089982702,-0.05229043777905914,-0.05229043777905914,79,1.0
280,1350.0,-0.017461823386382146,-0.017461823386382146,4.163336342344337e-16,4.163336342344337e-16,1173.4173180656119,1173.4173180656119,-0.13080198661806527,-0.13080198661806527,80,1.0
281,1350.0,0.1068609021341841,-0.014036360103551004,0.025038980426689214,-4.718447854656915e-16,765.226620509791,765.226620509791,-0.4331654662890437,-0.4331654662890437,81,1.0
282,1350.0,0.08039908122415551,-0.008930978016354311,0.021953665744492784,-1.8041124150158794e-16,306.00051524006557,306.00051524006557,-0.7733329516740255,-0.7733329516740255,82,1.0
283,1350.0,0.3359433888898774,-0.007222018790923228,0.058346964507384386,2.7755575615628914e-17,316.83280232539937,316.83280232539937,-0.765309035314519,-0.765309035314519,83,1.0
284,1350.0,-0.019210597064771406,-0.019210597064771406,5.551115123125783e-17,5.551115123125783e-17,1492.9762882810437,1492.9762882810437,0.105908361689662,0.105908361689662,84,1.0
285,1350.0,0.30155498799209557,-0.013296932315399674,0.019987641279358773,9.71445146547012e-17,1093.7043606343157,1093.7043606343157,-0.18984862175235878,-0.18984862175235878,85,1.0
286,1350.0,0.15191954700410007,-0.009241260751487717,0.015760213385560218,1.6653345369377348e-16,400.99784014946397,400.99784014946397,-0.702964562852249,-0.702964562852249,86,1.0
287,1350.0,-0.017307332206756527,-0.017307332206756527,3.3306690738754696e-16,3.3306690738754696e-16,1358.278141465299,1358.278141465299,0.006131956640962286,0.006131956640962286,87,1.0
288,1350.0,0.17453691798609075,-0.012894449933930794,0.028228588399351703,3.3306690738754696e-16,670.2257229733683,670.2257229733683,-0.5035365015012087,-0.5035365015012087,88,1.0
289,1350.0,0.3047898759636446,-0.007835148400464427,0.04503416815919081,-2.498001805406602e-16,269.600962769708,269.600962769708,-0.8002955831335495,-0.8002955831335495,89,1.0
290,1350.0,0.02731781307502277,-0.015701713033515054,0.00613032912045576,-2.7755575615628914e-16,740.0133831839962,740.0133831839962,-0.45184193838222503,-0.45184193838222503,90,1.0
291,1350.0,-0.018209062934241124,-0.018209062934241124,-1.1102230246251565e-15,-1.1102230246251565e-15,1406.4502681615543,1406.4502681615543,0.04181501345300317,0.04181501345300317,91,1.0
292,1350.0,-0.01927353608378093,-0.01927353608378093,5.551115123125783e-17,5.551115123125783e-17,2992.5047645431314,2992.5047645431314,1.2166701959578752,1.2166701959578752,92,1.0
293,1350.0,0.20680247110042074,-0.01425007244502771,0.03638704823483707,-1.0269562977782698e-15,669.4488903083578,669.4488903083578,-0.5041119331049201,-0.5041119331049201,93,1.0
294,1350.0,-0.020006110468829854,-0.020006110468829854,-4.996003610813204e-16,-4.996003610813204e-16,2382.37606833269,2382.37606833269,0.7647230135797703,0.7647230135797703,94,1.0
295,1350.0,-0.019955707146583773,-0.019955707146583773,6.661338147750939e-16,6.661338147750939e-16,2454.730077366499,2454.730077366499,0.8183185758270362,0.8183185758270362,95,1.0
296,1350.0,-0.020243070303524704,-0.020243070303524704,2.220446049250313e-16,2.220446049250313e-16,3901.4675607892996,3901.4675607892996,1.8899759709550368,1.8899759709550368,96,1.0
297,1350.0,-0.01916637210282742,-0.01916637210282742,5.551115123125783e-17,5.551115123125783e-17,2118.6863218426006,2118.6863218426006,0.5693972754389633,0.5693972754389633,97,1.0
298,1350.0,-0.019617619445106725,-0.019617619445106725,9.992007221626409e-16,9.992007221626409e-16,3223.5199221598546,3223.5199221598546,1.3877925349332256,1.3877925349332256,98,1.0
299,1350.0,0.09515722791188005,-0.01269524659891246,0.011378997318509942,4.440892098500626e-16,617.2337002313831,617.2337002313831,-0.542789851680457,-0.542789851680457,99,1.0
300,1350.0,0.18236501854989165,-0.034776314279016174,0.02684228840571562,-0.002467476756224163,1286.7555456931398,1277.5461569771564,-0.04684774393100758,-0.05366951335025449,0,1.1
301,1350.0,0.06647642230745139,-0.024698026878224043,0.012332913169618293,-0.0012342872445559316,987.0375234750662,978.0258773047156,-0.26886109372217315,-0.2755363871816922,1,1.1
302,1350.0,-0.017393621534393087,-0.037072304600258274,1.3877787807814457e-16,-0.0015067038558327223,1006.564374511978,996.3813012098872,-0.25439675962075703,-0.26193977688156506,2,1.1
303,1350.0,-0.01908649243255203,-0.051592037568079896,6.106226635438361e-16,-0.0015067038558322504,2065.267640426148,2039.595798439566,0.5298278817971466,0.5108117025478266,3,1.1
304,1350.0,0.01381993512941439,-0.0769204531157056,0.0032575407615243746,-0.007646658214285965,693.1739655267999,687.09332809122,-0.48653780331348156,-0.4910419791916889,4,1.1
305,1350.0,0.21351913155290406,-0.0013685690625267893,0.09675025366361634,-0.00013918595450678264,142.52474164256833,142.2378853431891,-0.8944261173018012,-0.8946386034494895,5,1.1
306,1350.0,-0.016656587159078473,-0.032162522807053895,2.220446049250313e-16,-0.001506703855832639,936.8162408637645,925.624039727878,-0.3060620438046189,-0.31435256316453486,6,1.1
307,1350.0,0.12153511605344738,-0.04135949985525444,0.013991866598467934,-0.0027557317461904957,718.637951627355,712.4859572781769,-0.46767559138714443,-0.47223262423838747,7,1.1
308,1350.0,0.1316873270200077,-0.014475985336254703,0.048057320613977356,-0.0005881538926972713,721.8051804086905,716.8622890303037,-0.4653294959935626,-0.46899089701458985,8,1.1
309,1350.0,0.08116572043514687,-0.01784571028337643,0.020212163719366405,-0.001073198726807334,525.5668500835079,520.7934613839709,-0.6106912221603645,-0.614227065641503,9,1.1
310,1350.0,0.24528007568181415,-0.018184480505591648,0.049748911910880725,-0.002256511237540726,379.19027728918167,377.0122881224308,-0.7191183131191247,-0.7207316384278291,10,1.1
311,1350.0,-0.019057457317466095,-0.04229550835592118,2.7755575615628914e-17,-0.0015067038558328333,1710.1206532918304,1692.037429785736,0.2667560394754299,0.25336105910054524,11,1.1
312,1350.0,0.11972665696574204,-0.02143807108869935,0.04974891191088082,-0.005602706036700628,424.6098158165254,422.3565463483934,-0.6854742105062775,-0.6871432990011901,12,1.1
313,1350.0,0.10788420711040742,-0.024962769140561576,0.03474959504703268,-0.002412585588611099,1018.6551037781018,1010.6792638722951,-0.24544066386807276,-0.25134869342792954,13,1.1
314,1350.0,-0.016597702638336466,-0.06778430065854651,4.440892098500626e-16,-0.001506703855832417,1959.51882770995,1929.3564210042605,0.45149542793329633,0.42915290444760035,14,1.1
315,1350.0,-0.01912144475812537,-0.03656365363560045,1.6653345369377348e-16,-0.0015067038558326945,1414.2327438738212,1398.1524846047823,0.04757981027690457,0.03566850711465358,15,1.1
316,1350.0,0.26502878480584124,-0.009809780915049705,0.05866409167824101,-0.00046882925626395844,291.8666113961054,290.62635214790197,-0.783802510076959,-0.7847212206311837,16,1.1
317,1350.0,0.011691272889631147,-0.02267271910353978,0.00305239979782361,-0.0014370094647156578,595.4134080365204,588.632520420261,-0.5589530310840589,-0.5639759107998067,17,1.1
318,1350.0,-0.016074245707427978,-0.034724506856631,1.3877787807814457e-16,-0.0015067038558327223,869.6753461897928,861.8888751219772,-0.35579603985941277,-0.3615637962059428,18,1.1
319,1350.0,0.1473321296029488,-0.019337264931555475,0.03474375143815679,-0.0008033744097750845,1126.337801157802,1118.1847814424596,-0.16567570284607258,-0.17171497670928923,19,1.1
320,1350.0,0.11039776710642393,-0.02118105127656346,0.017044266396292196,-0.0011367340159196548,572.7154393546925,567.6150266925658,-0.5757663412187463,-0.5795444246721735,20,1.1
321,1350.0,0.16156391354043997,-0.013627028265095749,0.046371920799182204,-0.0006136706777633422,572.7006151429986,569.818258284489,-0.5757773221162974,-0.5779124012707488,21,1.1
322,1350.0,0.026081387314304337,-0.048488059960048985,0.0034145534663255067,-0.003131802810547868,489.84990640591934,485.5705472670642,-0.6371482174770968,-0.6403181131355079,22,1.1
323,1350.0,-0.018730201823208194,-0.0423785033791358,-2.220446049250313e-16,-0.001506703855833083,1711.4061498301517,1691.7534212376775,0.2677082591334457,0.2531506823982796,23,1.1
324,1350.0,-0.013695779028355197,-0.02899553674796566,-8.326672684688674e-17,-0.0015067038558329443,766.6897539774284,758.2593957691473,-0.43208166372042345,-0.43832637350433534,24,1.1
325,1350.0,-0.019773921234494098,-0.07802932594949086,2.7755575615628914e-16,-0.0015067038558325835,2988.163041215495,2945.7602959036635,1.2134541046040703,1.1820446636323434,25,1.1
326,1350.0,-0.019085750211875883,-0.04829441847317004,-1.7486012637846216e-15,-0.0015067038558346096,1866.3813859502907,1844.8117696278682,0.38250473033354865,0.3665272367613839,26,1.1
327,1350.0,-0.019225564089979486,-0.0629691230177232,-2.7755575615628914e-16,-0.0015067038558331386,2255.7526509907566,2226.0733866913743,0.6709278896227827,0.648943249401018,27,1.1
328,1350.0,-0.014470009280610409,-0.0635173344203246,0.0,-0.003140670784673019,866.7065956053654,856.9960053565355,-0.35799511436639603,-0.36518814418034407,28,1.1
329,1350.0,-0.019664974288819873,-0.05450652590369673,-1.3877787807814457e-16,-0.0015067038558329998,2328.056135480935,2297.5514253265414,0.7244860262821742,0.701889944686327,29,1.1
330,1350.0,0.03591474573706758,-0.0516048482155211,0.004711353226674389,-0.002935852346476364,1408.2195563635655,1394.346276432449,0.043125597306344826,0.03284909365366595,30,1.1
331,1350.0,-0.0195662610468193,-0.06689498734695817,-8.326672684688674e-17,-0.0015067038558329443,2551.575459724252,2517.830956931347,0.8900558960920386,0.865059968097294,31,1.1
332,1350.0,-0.01491790271812959,-0.030118187809278253,-3.885780586188048e-16,-0.0015067038558332496,733.2871281875954,725.9666941798953,-0.4568243494906701,-0.46224689320007756,32,1.1
333,1350.0,0.1726021074721874,-0.00736904624258238,0.07449823265941116,-0.00028771843647332207,284.09559511099496,283.16221125358027,-0.7895588184363,-0.790250213886237,33,1.1
334,1350.0,-0.01417616292815325,-0.03186202377910857,1.942890293094024e-16,-0.0015067038558326667,1259.1807723667316,1243.6340493191738,-0.06727350195056918,-0.07878959309690833,34,1.1
335,1350.0,-0.017207211081214615,-0.05698935667339516,3.0531133177191805e-16,-0.0015067038558325557,2469.706363980321,2431.700212205208,0.8294121214669044,0.8012594164483023,35,1.1
336,1350.0,-0.020006746564508328,-0.05473022591536135,2.7755575615628914e-16,-0.0015067038558325835,3794.1388698698256,3744.5148298517743,1.8104732369406116,1.773714688779092,36,1.1
337,1350.0,0.1562359612014101,-0.061988338518905235,0.020979313913837297,-0.006040965697387532,789.0659817517354,783.5967728859371,-0.4155066801838997,-0.41955794601041696,37,1.1
338,1350.0,0.1750383446906798,-0.02289950793155157,0.020488931325092385,-0.0010882692384722448,485.5928356906964,482.3228184311176,-0.6403016031920767,-0.6427238381991721,38,1.1
339,1350.0,0.1545314714770587,-0.06426374971582795,0.017336131576043648,-0.005881319150553899,353.27362796237793,350.4180333243536,-0.7383158311389793,-0.7404310864264048,39,1.1
340,1350.0,-0.01955152347721586,-0.06406404330156036,6.661338147750939e-16,-0.001506703855832195,2558.4764378121645,2523.810291842704,0.8951677317127145,0.8694891050686696,40,1.1
341,1350.0,-0.0162384373018267,-0.03682385701221495,8.881784197001252e-16,-0.0015067038558319729,901.7066893824552,891.7631575344736,-0.3320691189759591,-0.3394346981226121,41,1.1
342,1350.0,-0.019046514620813425,-0.03843946910877401,5.551115123125783e-17,-0.0015067038558328055,2176.8128435198755,2148.04694288429,0.6124539581628707,0.5911458836179925,42,1.1
343,1350.0,0.03888656827734934,-0.03392165407490384,0.006418664620766817,-0.002878855774644279,527.0511280293352,522.3899815696785,-0.6095917570153072,-0.6130444580965344,43,1.1
344,1350.0,-0.02015568287520508,-0.07581897961042465,8.326672684688674e-16,-0.0015067038558320284,3051.325024714488,3009.4028284113656,1.2602407590477689,1.2291872803047152,44,1.1
345,1350.0,0.015456600833962995,-0.029891776971190998,0.004586221078305988,-0.0014025486032446521,1467.649718771845,1454.4770762450034,0.08714793983099635,0.0773904268481507,45,1.1
346,1350.0,-0.016690453885954394,-0.03627803778122503,3.3306690738754696e-16,-0.001506703855832528,975.2521601277961,965.1375041306151,-0.27759099249792885,-0.2850833302736185,46,1.1
347,1350.0,-0.01834557516546267,-0.044898890813979464,-8.604228440844963e-16,-0.0015067038558337215,1679.1581262782213,1658.6782071331718,0.2438208342801639,0.22865052380234946,47,1.1
348,1350.0,-0.01975954409538487,-0.06829623906495833,-7.771561172376096e-16,-0.0015067038558336382,3603.218430036235,3550.723321319465,1.6690506889157297,1.6301654231996037,48,1.1
349,1350.0,0.14918676432181657,-0.01759964161175804,0.043019515475169315,-0.0006659257400021823,882.8677022485862,877.0863326527838,-0.34602392426030654,-0.3503064202571972,49,1.1
350,1350.0,-0.019898598751360706,-0.05076319979044662,5.551115123125783e-16,-0.001506703855832306,2318.189536875835,2288.7649482034312,0.7171774347228408,0.6953814431136528,50,1.1
351,1350.0,-0.018897409081906517,-0.03300059483514839,3.885780586188048e-16,-0.0015067038558324725,1649.3359738203899,1633.1548562252315,0.2217303509780666,0.20974433794461592,51,1.1
352,1350.0,-0.01857686099394112,-0.037287370716185764,-5.551115123125783e-17,-0.0015067038558329165,1554.2520356421742,1535.8834125192473,0.1512978041793883,0.13769141668092388,52,1.1
353,1350.0,0.08539739516653659,-0.020042558896586644,0.017044266396292557,-0.001136734015919294,597.6695692118307,592.4182401989448,-0.5572818005838291,-0.5611716739267075,53,1.1
354,1350.0,-0.018848980497089874,-0.08907945053808733,-3.3306690738754696e-16,-0.001506703855833194,3489.2326013466727,3437.4296182129947,1.5846167417382762,1.5462441616392553,54,1.1
355,1350.0,0.11757500915768049,-0.06825211129846774,0.018625490806568543,-0.007389752036612088,692.9474846134674,686.9732249654132,-0.4867055669529871,-0.4911309444700643,55,1.1
356,1350.0,0.2828093692180844,-0.01793999463303583,0.027092148305533012,-0.001110580002964101,278.7512765923641,276.51131981738575,-0.7935175728945452,-0.7951768001352698,56,1.1
357,1350.0,0.3506675549887898,-0.021656135824579904,0.03466043273813027,-0.0009271494187900187,553.338378347531,549.7104729048568,-0.5901197197425696,-0.5928070571075135,57,1.1
358,1350.0,-0.017733126233742836,-0.04117351562838256,-3.608224830031759e-16,-0.0015067038558332219,1593.0570755092574,1573.5196833997336,0.18004227815500548,0.1655701358516545,58,1.1
359,1350.0,0.2172137252206643,-0.019609204841018912,0.03147464725861787,-0.0008609428861477836,703.3549295901289,696.9622583878664,-0.47899634845175637,-0.4837316604534323,59,1.1
360,1350.0,-0.014347422296884552,-0.062063009201905835,3.885780586188048e-16,-0.0015067038558324725,1035.995456760168,1020.6040715558095,-0.23259595795543106,-0.24399698403273373,60,1.1
361,1350.0,0.09606947121183315,-0.025705912346384675,0.02500525222105114,-0.0025587642219734447,723.7383276909419,717.2273594226291,-0.46389753504374676,-0.46872047450175625,61,1.1
362,1350.0,-0.017304194606614223,-0.06324725463339062,1.6653345369377348e-16,-0.0015067038558326945,2119.4673359961535,2087.3864429690975,0.5699758044415951,0.5462121799771092,62,1.1
363,1350.0,-0.01584739114868815,-0.03299791807163438,5.551115123125783e-17,-0.0015067038558328055,1067.9464023023288,1056.1042151814365,-0.20892859088716384,-0.21770058134708406,63,1.1
364,1350.0,-0.016854079167676676,-0.04435963121736331,4.440892098500626e-16,-0.001506703855832417,1702.8333951433806,1678.4700239010003,0.2613580704765782,0.2433111288155558,64,1.1
365,1350.0,-0.01596346217925378,-0.039615309915315956,-3.0531133177191805e-16,-0.0015067038558331664,936.8498261994903,927.1512971590445,-0.3060371657781554,-0.31322126136367073,65,1.1
366,1350.0,-0.019157382923336203,-0.055764852983148164,7.494005416219807e-16,-0.0015067038558321116,1844.9140339027917,1822.3693512135633,0.36660298807614206,0.34990322312115796,66,1.1
367,1350.0,0.14478910774352957,-0.052984223447871175,0.017544747296704577,-0.004196093297799547,809.6055290732426,802.4754740646657,-0.40029220068648697,-0.40557372291506244,67,1.1
368,1350.0,-0.0190849819362895,-0.04380774811237212,-1.6653345369377348e-16,-0.0015067038558330276,2169.258631516753,2141.263724143717,0.6068582455679653,0.586121277143494,68,1.1
369,1350.0,0.1393332340075763,-0.01391026906341706,0.04301951547516965,-0.0006659257400018492,497.41618896542496,494.32285775688626,-0.6315435637293149,-0.6338349201800842,69,1.1
370,1350.0,-0.018274354404029906,-0.0335654451941467,-1.3877787807814457e-16,-0.0015067038558329998,1007.0212637622436,996.380760566931,-0.2540583231390788,-0.2619401773578289,70,1.1
371,1350.0,-0.018346242747200106,-0.04039684273454583,5.551115123125783e-17,-0.0015067038558328055,1061.0213360153891,1049.3864919751072,-0.21405826961823027,-0.2226766726110317,71,1.1
372,1350.0,-0.014706788803523456,-0.04714513942262059,-6.38378239159465e-16,-0.0015067038558334994,1363.7910958627403,1343.885023110247,0.010215626564992851,-0.004529612510928187,72,1.1
373,1350.0,-0.0188423143708146,-0.037133012429185666,4.718447854656915e-16,-0.0015067038558323892,1429.3098428393246,1415.750477715686,0.058748031732833016,0.048704057567174795,73,1.1
374,1350.0,0.12709861321479196,-0.013435181258306273,0.046371920799181454,-0.0006136706777640916,631.7274315128839,627.6666712017792,-0.5320537544349009,-0.5350617250357191,74,1.1
375,1350.0,-0.019178301438113117,-0.06341713466605373,7.216449660063518e-16,-0.0015067038558321394,3027.842832548939,2986.02177597095,1.2428465426288438,1.2118679822007037,75,1.1
376,1350.0,0.5892026399252018,-0.07109704149555938,0.05381500506738811,-0.00584080960224681,271.5842893439928,268.97084633952005,-0.798826452337783,-0.8007623360448,76,1.1
377,1350.0,-0.01578179404683832,-0.05103053711088979,-2.7755575615628914e-17,-0.0015067038558328888,1431.6342098073883,1409.9383224921905,0.06046978504250984,0.04439875740162262,77,1.1
378,1350.0,-0.01876271560528901,-0.04580161533817435,1.4155343563970746e-15,-0.0015067038558314455,2434.3532037259847,2401.007961686795,0.8032245953525813,0.7785244160642927,78,1.1
379,1350.0,-0.015624895964553753,-0.039617101628911806,-4.718447854656915e-16,-0.0015067038558333329,1279.4079089982702,1262.9822522638278,-0.05229043777905914,-0.0644575909156831,79,1.1
380,1350.0,-0.017461823386382146,-0.03847969595965141,4.163336342344337e-16,-0.0015067038558324447,1173.4173180656119,1160.1138486097702,-0.13080198661806527,-0.14065640843720723,80,1.1
381,1350.0,0.1068609021341841,-0.0263435454450852,0.025038980426689214,-0.0025489359078157,765.226620509791,759.4306917750577,-0.4331654662890437,-0.4374587468332906,81,1.1
382,1350.0,0.08039908122415551,-0.019728803557999695,0.021953665744492784,-0.002653662772912929,306.00051524006557,303.88933253811706,-0.7733329516740255,-0.7748967907125058,82,1.1
383,1350.0,0.3359433888898774,-0.019976823572504427,0.058346964507384386,-0.002168645572171876,316.83280232539937,315.71522356102304,-0.765309035314519,-0.7661368714362792,83,1.1
384,1350.0,-0.019210597064771406,-0.034985005851773665,5.551115123125783e-17,-0.0015067038558328055,1492.9762882810437,1477.1126430729237,0.105908361689662,0.09415751338735087,84,1.1
385,1350.0,0.30155498799209557,-0.08543086168613553,0.019987641279358773,-0.004579254599828178,1093.7043606343157,1084.0621478450487,-0.18984862175235878,-0.19699100159626023,85,1.1
386,1350.0,0.15191954700410007,-0.04004509799110521,0.015760213385560218,-0.003012364201640541,400.99784014946397,397.6678974304531,-0.702964562852249,-0.7054311870885532,86,1.1
387,1350.0,-0.017307332206756527,-0.04424659990177837,3.3306690738754696e-16,-0.001506703855832528,1358.278141465299,1341.398314870914,0.006131956640962286,-0.006371618614137805,87,1.1
388,1350.0,0.17453691798609075,-0.029684868994289324,0.028228588399351703,-0.002528764709809242,670.2257229733683,665.1995181091427,-0.5035365015012087,-0.5072596162154499,88,1.1
389,1350.0,0.3047898759636446,-0.046309519535985014,0.04503416815919081,-0.005542298806887058,269.600962769708,267.44273165239684,-0.8002955831335495,-0.8018942728500764,89,1.1
390,1350.0,0.02731781307502277,-0.046540237428283344,0.00613032912045576,-0.00439452316727483,740.0133831839962,732.6944219197896,-0.45184193838222503,-0.45726339117052617,90,1.1
391,1350.0,-0.018209062934241124,-0.03572896070588249,-1.1102230246251565e-15,-0.0015067038558339713,1406.4502681615543,1390.533703846364,0.04181501345300317,0.030024965812121485,91,1.1
392,1350.0,-0.01927353608378093,-0.06412644292691383,5.551115123125783e-17,-0.0015067038558328055,2992.5047645431314,2951.0633678311715,1.2166701959578752,1.1859728650601271,92,1.1
393,1350.0,0.20680247110042074,-0.01895902788644585,0.03638704823483707,-0.0007751324008067051,669.4488903083578,665.4134802746344,-0.5041119331049201,-0.5071011257224931,93,1.1
394,1350.0,-0.020006110468829854,-0.043262562065881735,-4.996003610813204e-16,-0.0015067038558333606,2382.37606833269,2357.1260874295776,0.7647230135797703,0.7460193240219094,94,1.1
395,1350.0,-0.019955707146583773,-0.05348591030490891,6.661338147750939e-16,-0.001506703855832195,2454.730077366499,2422.392347549825,0.8183185758270362,0.7943647018887593,95,1.1
396,1350.0,-0.020243070303524704,-0.06224063402215378,2.220446049250313e-16,-0.001506703855832639,3901.4675607892996,3856.184003550524,1.8899759709550368,1.8564325952226102,96,1.1
397,1350.0,-0.01916637210282742,-0.05761803059673422,5.551115123125783e-17,-0.0015067038558328055,2118.6863218426006,2092.8306183867053,0.5693972754389633,0.5502449025086705,97,1.1
398,1350.0,-0.019617619445106725,-0.07681291544321166,9.992007221626409e-16,-0.0015067038558318618,3223.5199221598546,3175.9722166517026,1.3877925349332256,1.3525720123345946,98,1.1
399,1350.0,0.09515722791188005,-0.039309529037927775,0.011378997318509942,-0.0028079452963988977,617.2337002313831,612.3476660836963,-0.542789851680457,-0.5464091362342991,99,1.1
400,1350.0,0.18236501854989165,-0.05242841117993881,0.02684228840571562,-0.004850159076726937,1286.7555456931398,1268.2570123434032,-0.04684774393100758,-0.06055036122710876,0,1.2
401,1350.0,0.06647642230745139,-0.03275762162398393,0.012332913169618293,-0.002433594047606291,987.0375234750662,969.2423163082708,-0.26886109372217315,-0.28204272866054014,1,1.2
402,1350.0,-0.017393621534393087,-0.056140235571993734,1.3877787807814457e-16,-0.00296664530728602,1006.564374511978,986.4869950938738,-0.25439675962075703,-0.2692688925230564,2,1.2
403,1350.0,-0.01908649243255203,-0.08308873319391731,6.106226635438361e-16,-0.002966645307285548,2065.267640426148,2014.7187214834987,0.5298278817971466,0.49238423813592497,3,1.2
404,1350.0,0.01381993512941439,-0.10107748358881592,0.0032575407615243746,-0.010549589004398327,693.1739655267999,681.4370877335954,-0.48653780331348156,-0.49523178686400343,4,1.2
405,1350.0,0.21351913155290406,-0.001671578787114538,0.09675025366361634,-0.0002758082103644574,142.52474164256833,141.95449907897228,-0.8944261173018012,-0.8948485192007612,5,1.2
406,1350.0,-0.016656587159078473,-0.04718721270109627,2.220446049250313e-16,-0.0029666453072859367,936.8162408637645,914.7673207718124,-0.3060620438046189,-0.3223945772060649,6,1.2
407,1350.0,0.12153511605344738,-0.05246356952978589,0.013991866598467934,-0.0038973686128404295,718.637951627355,706.8222639081681,-0.46767559138714443,-0.4764279526606162,7,1.2
408,1350.0,0.1316873270200077,-0.016207695310726147,0.048057320613977356,-0.001164494508260061,721.8051804086905,712.0060010413296,-0.4653294959935626,-0.4725881473767929,8,1.2
409,1350.0,0.08116572043514687,-0.022705142595282946,0.020212163719366405,-0.002117873844528134,525.5668500835079,516.141441263671,-0.6106912221603645,-0.6176730064713548,9,1.2
410,1350.0,0.24528007568181415,-0.02086566349681667,0.049748911910880725,-0.0027857515194776444,379.19027728918167,374.92297519115215,-0.7191183131191247,-0.7222792776361836,10,1.2
411,1350.0,-0.019057457317466095,-0.06481233794435715,2.7755575615628914e-17,-0.002966645307286131,1710.1206532918304,1674.4576672308854,0.2667560394754299,0.2403390127636188,11,1.2
412,1350.0,0.11972665696574204,-0.026926398690102098,0.04974891191088082,-0.007754715371828966,424.6098158165254,420.2408469925249,-0.6854742105062775,-0.6887104837092408,12,1.2
413,1350.0,0.10788420711040742,-0.027670366539029462,0.03474959504703268,-0.0031700000699190906,1018.6551037781018,1002.910839163906,-0.24544066386807276,-0.2571030821008104,13,1.2
414,1350.0,-0.016597702638336466,-0.11738225975268697,4.440892098500626e-16,-0.0029666453072857146,1959.51882770995,1900.2630841321688,0.45149542793329633,0.4076022845423473,14,1.2
415,1350.0,-0.01912144475812537,-0.05346452214174527,1.6653345369377348e-16,-0.002966645307285992,1414.2327438738212,1382.5395053274865,0.04757981027690457,0.024103337279619625,15,1.2
416,1350.0,0.26502878480584124,-0.01995462077118061,0.05866409167824101,-0.0026515433580214937,291.8666113961054,289.0580752795444,-0.783802510076959,-0.7858829072003374,16,1.2
417,1350.0,0.011691272889631147,-0.03333812404166796,0.00305239979782361,-0.002830368179485468,595.4134080365204,582.0481356052813,-0.5589530310840589,-0.5688532328849768,17,1.2
418,1350.0,-0.016074245707427978,-0.05279593424877735,1.3877787807814457e-16,-0.00296664530728602,869.6753461897928,854.314838011419,-0.35579603985941277,-0.3671741940656155,18,1.2
419,1350.0,0.1473321296029488,-0.023016488738793882,0.03474375143815679,-0.0015880765565842586,1126.337801157802,1110.1865593759553,-0.16567570284607258,-0.1776395856474405,19,1.2
420,1350.0,0.11039776710642393,-0.040674191220679216,0.017044266396292196,-0.0038302130250387617,572.7154393546925,562.2940484205692,-0.5757663412187463,-0.5834858900588377,20,1.2
421,1350.0,0.16156391354043997,-0.015868281811759834,0.046371920799182204,-0.0012147669585100135,572.7006151429986,566.9805577093365,-0.5757773221162974,-0.5800144016967878,21,1.2
422,1350.0,0.026081387314304337,-0.06431301894647116,0.0034145534663255067,-0.0045210556933120705,489.84990640591934,481.5299296677585,-0.6371482174770968,-0.6433111632090678,22,1.2
423,1350.0,-0.018730201823208194,-0.06529285085645192,-2.220446049250313e-16,-0.0029666453072863808,1711.4061498301517,1672.6669835680445,0.2677082591334457,0.23901258042077372,23,1.2
424,1350.0,-0.013695779028355197,-0.04382044769883384,-8.326672684688674e-17,-0.002966645307286242,766.6897539774284,750.0779207833345,-0.43208166372042345,-0.44438672534567814,24,1.2
425,1350.0,-0.019773921234494098,-0.1344767026422377,2.7755575615628914e-16,-0.002966645307285881,2988.163041215495,2904.7562762111775,1.2134541046040703,1.1516713157119833,25,1.2
426,1350.0,-0.019085750211875883,-0.0765965598470898,-1.7486012637846216e-15,-0.0029666453072879073,1866.3813859502907,1823.878419014653,0.38250473033354865,0.3510210511219652,26,1.2
427,1350.0,-0.019225564089979486,-0.10535504687759242,-2.7755575615628914e-16,-0.0029666453072864363,2255.7526509907566,2197.3490426938088,0.6709278896227827,0.6276659575509694,27,1.2
428,1350.0,-0.014470009280610409,-0.08590716530275348,0.0,-0.004574369513929019,866.7065956053654,847.6411728901942,-0.35799511436639603,-0.3721176497109673,28,1.2
429,1350.0,-0.019664974288819873,-0.08826672717920933,-1.3877787807814457e-16,-0.0029666453072862975,2328.056135480935,2268.0348537449295,0.7244860262821742,0.6800258175888366,29,1.2
430,1350.0,0.03591474573706758,-0.0668791551594794,0.004711353226674389,-0.004270476513621488,1408.2195563635655,1381.0024000289231,0.043125597306344826,0.022964740762165294,30,1.2
431,1350.0,-0.0195662610468193,-0.1127548085072789,-8.326672684688674e-17,-0.002966645307286242,2551.575459724252,2485.17904545859,0.8900558960920386,0.8408733670063628,31,1.2
432,1350.0,-0.01491790271812959,-0.04484671338686012,-3.885780586188048e-16,-0.0029666453072865473,733.2871281875954,718.8409940737413,-0.4568243494906701,-0.46752518957500644,32,1.2
433,1350.0,0.1726021074721874,-0.008049242325183578,0.07449823265941116,-0.0005703699054395439,284.09559511099496,282.2391234519153,-0.7895588184363,-0.7909339826282109,33,1.2
434,1350.0,-0.01417616292815325,-0.04899898222053505,1.942890293094024e-16,-0.0029666453072859644,1259.1807723667316,1228.5999660511252,-0.06727350195056918,-0.0899259510732406,34,1.2
435,1350.0,-0.017207211081214615,-0.09553681452513722,3.0531133177191805e-16,-0.0029666453072858534,2469.706363980321,2395.0064619390187,0.8294121214669044,0.7740788606955694,35,1.2
436,1350.0,-0.020006746564508328,-0.08837601944455539,2.7755575615628914e-16,-0.002966645307285881,3794.1388698698256,3696.3953336865798,1.8104732369406116,1.7380706175456146,36,1.2
437,1350.0,0.1562359612014101,-0.09582594209291659,0.020979313913837297,-0.010230698514105796,789.0659817517354,778.0304231692879,-0.4155066801838997,-0.4236811680227497,37,1.2
438,1350.0,0.1750383446906798,-0.04687782929563837,0.020488931325092385,-0.0037021454748581567,485.5928356906964,478.6445816108992,-0.6403016031920767,-0.6454484580660006,38,1.2
439,1350.0,0.1545314714770587,-0.1198594392310236,0.017336131576043648,-0.011780854683792669,353.27362796237793,346.751466213211,-0.7383158311389793,-0.7431470620642882,39,1.2
440,1350.0,-0.01955152347721586,-0.10719506241232984,6.661338147750939e-16,-0.0029666453072854926,2558.4764378121645,2490.297673034541,0.8951677317127145,0.8446649429885488,40,1.2
441,1350.0,-0.0162384373018267,-0.056770382943249265,8.881784197001252e-16,-0.0029666453072852705,901.7066893824552,882.1278221807623,-0.3320691189759591,-0.3465719835698057,41,1.2
442,1350.0,-0.019046514620813425,-0.05723053943989132,5.551115123125783e-17,-0.002966645307286103,2176.8128435198755,2120.190814169001,0.6124539581628707,0.57051171419926,42,1.2
443,1350.0,0.03888656827734934,-0.0441763090267488,0.006418664620766817,-0.004188362592451256,527.0511280293352,518.1420704593226,-0.6095917570153072,-0.6161910589190204,43,1.2
444,1350.0,-0.02015568287520508,-0.1297546975776234,8.326672684688674e-16,-0.002966645307285326,3051.325024714488,2968.8584360868267,1.2602407590477689,1.1991543971013532,44,1.2
445,1350.0,0.015456600833962995,-0.04019314016838809,0.004586221078305988,-0.0027629609174201764,1467.649718771845,1441.6209346948428,0.08714793983099635,0.06786735903321692,45,1.2
446,1350.0,-0.016690453885954394,-0.055257696956994014,3.3306690738754696e-16,-0.0029666453072858257,975.2521601277961,955.3130842460234,-0.27759099249792885,-0.29236067833627893,46,1.2
447,1350.0,-0.01834557516546267,-0.07062809170419974,-8.604228440844963e-16,-0.002966645307287019,1679.1581262782213,1638.843850827452,0.2438208342801639,0.21395840802033472,47,1.2
448,1350.0,-0.01975954409538487,-0.11532653810368702,-7.771561172376096e-16,-0.002966645307286936,3603.218430036235,3499.9770278141877,1.6690506889157297,1.5925755761586575,48,1.2
449,1350.0,0.14918676432181657,-0.020087943551317513,0.043019515475169315,-0.0013176729102692547,882.8677022485862,871.4046673423309,-0.34602392426030654,-0.35451506122790305,49,1.2
450,1350.0,-0.019898598751360706,-0.0806698800349343,5.551115123125783e-16,-0.0029666453072856036,2318.189536875835,2260.272759047624,0.7171774347228408,0.6742761178130546,50,1.2
451,1350.0,-0.018897409081906517,-0.046666070899999884,3.885780586188048e-16,-0.00296664530728577,1649.3359738203899,1617.410631602965,0.2217303509780666,0.19808194933552958,51,1.2
452,1350.0,-0.01857686099394112,-0.0554171767929249,-5.551115123125783e-17,-0.0029666453072862142,1554.2520356421742,1518.0809202962191,0.1512978041793883,0.12450438540460676,52,1.2
453,1350.0,0.08539739516653659,-0.026455088896000813,0.017044266396292557,-0.0022424459028276833,597.6695692118307,587.2958477819559,-0.5572818005838291,-0.5649660386800327,53,1.2
454,1350.0,-0.018848980497089874,-0.15713023169920962,-3.3306690738754696e-16,-0.002966645307286492,3489.2326013466727,3387.3817807331825,1.5846167417382762,1.509171689431987,54,1.2
455,1350.0,0.11757500915768049,-0.07508636994955152,0.018625490806568543,-0.008346527872263101,692.9474846134674,681.6685014988309,-0.4867055669529871,-0.49506036926012525,55,1.2
456,1350.0,0.2828093692180844,-0.04812467827938419,0.027092148305533012,-0.003941144367440405,278.7512765923641,274.1646534758823,-0.7935175728945452,-0.7969150714993465,56,1.2
457,1350.0,0.3506675549887898,-0.03107241161676658,0.03466043273813027,-0.0018271794105281375,553.338378347531,546.1628761577215,-0.5901197197425696,-0.5954349065498359,57,1.2
458,1350.0,-0.017733126233742836,-0.06388640375364997,-3.608224830031759e-16,-0.0029666453072865195,1593.0570755092574,1554.570508069903,0.18004227815500548,0.1515337096814097,58,1.2
459,1350.0,0.2172137252206643,-0.025763325021639034,0.03147464725861787,-0.0017012209276800472,703.3549295901289,690.7168931686391,-0.47899634845175637,-0.4883578569121192,59,1.2
460,1350.0,-0.014347422296884552,-0.10829768427317635,3.885780586188048e-16,-0.00296664530728577,1035.995456760168,1005.7694788807144,-0.23259595795543106,-0.25498557119947085,60,1.2
461,1350.0,0.09606947121183315,-0.029797129993841653,0.02500525222105114,-0.00348481665729658,723.7383276909419,711.0499667070275,-0.46389753504374676,-0.4732963209577574,61,1.2
462,1350.0,-0.017304194606614223,-0.10776441537472377,1.6653345369377348e-16,-0.002966645307285992,2119.4673359961535,2056.440431246721,0.5699758044415951,0.5232892083309043,62,1.2
463,1350.0,-0.01584739114868815,-0.049616157330891,5.551115123125783e-17,-0.002966645307286103,1067.9464023023288,1044.610274559858,-0.20892859088716384,-0.22621461143714222,63,1.2
464,1350.0,-0.016854079167676676,-0.07101151468270854,4.440892098500626e-16,-0.0029666453072857146,1702.8333951433806,1654.917482170182,0.2613580704765782,0.22586480160754221,64,1.2
465,1350.0,-0.01596346217925378,-0.06253309351271152,-3.0531133177191805e-16,-0.002966645307286464,936.8498261994903,917.7533046928019,-0.3060371657781554,-0.32018273726459123,65,1.2
466,1350.0,-0.019157382923336203,-0.0912361652561312,7.494005416219807e-16,-0.0029666453072854093,1844.9140339027917,1800.540991229299,0.36660298807614206,0.3337340675772585,66,1.2
467,1350.0,0.14478910774352957,-0.1311447288006333,0.017544747296704577,-0.01278812680112243,809.6055290732426,793.5566613882395,-0.40029220068648697,-0.41218025082352633,67,1.2
468,1350.0,-0.0190849819362895,-0.06776321288092745,-1.6653345369377348e-16,-0.0029666453072863253,2169.258631516753,2114.138987302585,0.6068582455679653,0.5660288794833963,68,1.2
469,1350.0,0.1393332340075763,-0.016196523172569734,0.04301951547516965,-0.0013176729102689216,497.41618896542496,491.2842373486322,-0.6315435637293149,-0.6360857501121243,69,1.2
470,1350.0,-0.018274354404029906,-0.04838195820432094,-1.3877787807814457e-16,-0.0029666453072862975,1007.0212637622436,986.0520613708155,-0.2540583231390788,-0.26959106565124774,70,1.2
471,1350.0,-0.018346242747200106,-0.06176307527341889,5.551115123125783e-17,-0.002966645307286103,1061.0213360153891,1038.11084392457,-0.21405826961823027,-0.23102900450031855,71,1.2
472,1350.0,-0.014706788803523456,-0.07857672599635873,-6.38378239159465e-16,-0.002966645307286797,1363.7910958627403,1324.691324590884,0.010215626564992851,-0.01874716696971552,72,1.2
473,1350.0,-0.0188423143708146,-0.05485603621256309,4.718447854656915e-16,-0.002966645307285687,1429.3098428393246,1402.5488577810056,0.058748031732833016,0.038925079837781935,73,1.2
474,1350.0,0.12709861321479196,-0.0201237209634525,0.046371920799181454,-0.0028498943230559626,631.7274315128839,623.414420432067,-0.5320537544349009,-0.5382115404206911,74,1.2
475,1350.0,-0.019178301438113117,-0.10628296138002248,7.216449660063518e-16,-0.002966645307285437,3027.842832548939,2945.5620944731754,1.2428465426288438,1.1818978477579076,75,1.2
476,1350.0,0.5892026399252018,-0.09975960774328546,0.05381500506738811,-0.008430374292557316,271.5842893439928,266.6503798272629,-0.798826452337783,-0.8024812001279534,76,1.2
477,1350.0,-0.01578179404683832,-0.08518529214892577,-2.7755575615628914e-17,-0.0029666453072861865,1431.6342098073883,1389.013084600941,0.06046978504250984,0.028898581185882264,77,1.2
478,1350.0,-0.01876271560528901,-0.07200132961441351,1.4155343563970746e-15,-0.002966645307284743,2434.3532037259847,2368.7294998539937,0.8032245953525813,0.7546144443362917,78,1.2
479,1350.0,-0.015624895964553753,-0.06286467972834325,-4.718447854656915e-16,-0.0029666453072866306,1279.4079089982702,1247.0736391180194,-0.05229043777905914,-0.07624174880146711,79,1.2
480,1350.0,-0.017461823386382146,-0.05884525304792042,4.163336342344337e-16,-0.0029666453072857424,1173.4173180656119,1147.2243412963783,-0.13080198661806527,-0.15020419163231238,80,1.2
481,1350.0,0.1068609021341841,-0.030820769303632273,0.025038980426689214,-0.0034762118318942964,765.226620509791,753.8078334962635,-0.4331654662890437,-0.44162382703980485,81,1.2
482,1350.0,0.08039908122415551,-0.06996118195227535,0.021953665744492784,-0.014998721694789496,306.00051524006557,299.40900057097593,-0.7733329516740255,-0.7782155551326104,82,1.2
483,1350.0,0.3359433888898774,-0.04243993810709077,0.058346964507384386,-0.005987954037242865,316.83280232539937,314.0125022575766,-0.765309035314519,-0.7673981464758691,83,1.2
484,1350.0,-0.019210597064771406,-0.05026983649129147,5.551115123125783e-17,-0.002966645307286103,1492.9762882810437,1461.6981512448515,0.105908361689662,0.08273937129248259,84,1.2
485,1350.0,0.30155498799209557,-0.12891053980891923,0.019987641279358773,-0.00733946075773069,1093.7043606343157,1074.5532300210668,-0.18984862175235878,-0.20403464442883937,85,1.2
486,1350.0,0.15191954700410007,-0.06864600163609245,0.015760213385560218,-0.005809299453717748,400.99784014946397,394.0021965807356,-0.702964562852249,-0.7081465210513069,86,1.2
487,1350.0,-0.017307332206756527,-0.07034977434279605,3.3306690738754696e-16,-0.0029666453072858257,1358.278141465299,1325.0461383267625,0.006131956640962286,-0.018484341980175924,87,1.2
488,1350.0,0.17453691798609075,-0.056242224000635485,0.028228588399351703,-0.006528504197222534,670.2257229733683,659.6667105091714,-0.5035365015012087,-0.5113579922154287,88,1.2
489,1350.0,0.3047898759636446,-0.05026217622179125,0.04503416815919081,-0.006111685746484158,269.600962769708,265.77819230265527,-0.8002955831335495,-0.8031272649609961,89,1.2
490,1350.0,0.02731781307502277,-0.06589611978823348,0.00613032912045576,-0.007152757392913461,740.0133831839962,725.5808165409412,-0.45184193838222503,-0.4625327284881917,90,1.2
491,1350.0,-0.018209062934241124,-0.05270510693596213,-1.1102230246251565e-15,-0.002966645307287269,1406.4502681615543,1375.0817901309388,0.04181501345300317,0.018579103800695385,91,1.2
492,1350.0,-0.01927353608378093,-0.10758728472735256,5.551115123125783e-17,-0.002966645307286103,2992.5047645431314,2910.971713226796,1.2166701959578752,1.15627534313096,92,1.2
493,1350.0,0.20680247110042074,-0.023560346370174543,0.03638704823483707,-0.0015325468821146965,669.4488903083578,661.4469067693391,-0.5041119331049201,-0.5100393283190081,93,1.2
494,1350.0,-0.020006110468829854,-0.06579722112898279,-4.996003610813204e-16,-0.0029666453072866583,2382.37606833269,2332.572367503072,0.7647230135797703,0.727831383335609,94,1.2
495,1350.0,-0.019955707146583773,-0.08597546243353864,6.661338147750939e-16,-0.0029666453072854926,2454.730077366499,2391.1083123489434,0.8183185758270362,0.7711913424806988,95,1.2
496,1350.0,-0.020243070303524704,-0.10293475177828386,2.220446049250313e-16,-0.0029666453072859367,3901.4675607892996,3812.197849841871,1.8899759709550368,1.8238502591421268,96,1.2
497,1350.0,-0.01916637210282742,-0.09487629465111927,5.551115123125783e-17,-0.002966645307286103,2118.6863218426006,2067.791621194618,0.5693972754389633,0.5316974971811985,97,1.2
498,1350.0,-0.019617619445106725,-0.13223308519489588,9.992007221626409e-16,-0.0029666453072851595,3223.5199221598546,3130.018355232134,1.3877925349332256,1.318532114986766,98,1.2
499,1350.0,0.09515722791188005,-0.05097849175511441,0.011378997318509942,-0.00403908158762388,617.2337002313831,607.8106086669749,-0.542789851680457,-0.5497699195059446,99,1.2
