time,hashrate,close,reward,day_count,hash_index,hash_index_return,hash_index_return_log,hash_index_diff,price_returns_log,price_returns,hashrate_returns_log,hashrate_returns
2017-11-03,9903331.970123913,6480.622857142857,12600.0,7,1.177898628264522,,,,,,,
2017-11-10,10181622.44912465,7136.4400000000005,12600.0,7,1.2616448963990392,0.0710980267104192,0.06868431548483532,0.08374626813451713,0.09639742689527143,0.10119662219416303,0.02771311141043593,0.028100691751046458
2017-11-17,8783834.33780472,6882.05,12600.0,7,1.410282744824166,0.11781274497234984,0.11137386962452205,0.14863784842512673,-0.03629747989094129,-0.03564662492783521,-0.14767134951546326,-0.13728540007296208
2017-11-24,10743293.5791726,8088.138571428572,12600.0,7,1.3551383773776262,-0.03910163947543379,-0.03988663988772997,-0.05514436744653972,0.1614820418586065,0.17525135263890432,0.20136868174633646,0.22307561436291778
2017-12-01,11103736.560336085,9765.49142857143,12600.0,7,1.5830603037016333,0.1681908874612986,0.15545630209826916,0.2279219263240071,0.18845627403155452,0.2073842877850935,0.0329999719332854,0.03355051023293787
2017-12-08,12070099.243097229,13156.781428571428,12600.0,7,1.9620556628788444,0.23940677325495116,0.21463285647764632,0.37899535917721106,0.29808243511858246,0.3472728458987653,0.08344957864093622,0.08703040436073661
2017-12-15,13673726.153014114,16296.995714285715,12600.0,7,2.145325418795814,0.09340701152589401,0.08929852004819033,0.1832697559169698,0.2140434551306743,0.23867648047226492,0.12474493508248383,0.1328594635072271
2017-12-22,13840050.978419628,17238.04,12600.0,7,2.2419333605332636,0.04503183567911863,0.044047349717439614,0.09660794173744947,0.0561377908591646,0.05774342107050934,0.012090441141725018,0.012163825978689147
2017-12-29,13904167.539461914,14569.195714285714,12600.0,7,1.886092943808786,-0.1587203362011786,-0.1728311370712381,-0.35584041672447775,-0.16820915248421162,-0.1548229546812913,0.004621984587026463,0.004632682433197699
2018-01-05,15057481.163827073,14553.201428571429,12600.0,7,1.7397174392194654,-0.07760778972733391,-0.08078475512727316,-0.14637550458932047,-0.001098418323460732,-0.001097815282871243,0.0796863368038123,0.08294733367473439
2018-01-12,16432647.135419128,14987.695714285714,12600.0,7,1.6417228498484515,-0.05632787667805397,-0.05797650015808945,-0.09799458937101391,0.029418579899850954,0.029855581113669497,0.08739508005794042,0.0913277563909991
2018-01-19,17730688.64764126,12379.457142857142,12600.0,7,1.2567488663282798,-0.23449389375052493,-0.267218087104358,-0.38497398352017176,-0.1911911620013583,-0.17402532191406156,0.07602692510299969,0.07899162572683238
2018-01-26,19736358.162464518,11387.958571428573,12600.0,7,1.0386072881245163,-0.17357610899708736,-0.19064745186211715,-0.21814157820376345,-0.08348188527356742,-0.08009224960245176,0.1071655665885501,0.11311853446200337
2018-02-02,19934823.66358023,10397.294285714286,12600.0,7,0.9388159148092778,-0.09608191128278959,-0.10101653252137358,-0.09979137331523846,-0.09101092403115676,-0.08699226288017767,0.010005608490216535,0.010055831956534034
2018-02-09,21208075.465050515,8093.984285714286,12600.0,7,0.6869634040247892,-0.2682661284407955,-0.3123383945697469,-0.25185251078448867,-0.2504245024850331,-0.22152974963541341,0.06191389208471367,0.06387073309288605
2018-02-16,22558101.18244567,9116.854285714286,12600.0,7,0.7274698159017018,0.058964439211162026,0.05729148646260307,0.04050641187691262,0.11900371479557724,0.12637410253011538,0.06171222833297402,0.06365621056092086
2018-02-23,22748897.826661743,10636.897142857142,12600.0,7,0.8416414282147431,0.15694343575138595,0.14578155829681524,0.11417161231304129,0.1542039996976727,0.16672887484060128,0.008422441400857284,0.008458009948308254
2018-03-02,23459140.6102856,10363.432857142858,12600.0,7,0.7951774301006692,-0.05520640566925453,-0.05678879404285576,-0.04646399811407387,-0.02604528065979125,-0.02570902792812285,0.030743513383064826,0.03122097558464798
2018-03-09,25116219.267590187,10520.57142857143,12600.0,7,0.7539760809408443,-0.05181403244129904,-0.05320462765473637,-0.041201349159824874,0.015048985327801072,0.015162791479877822,0.06825361298253746,0.07063680144267726
2018-03-16,24882578.9580445,8773.388571428572,12600.0,7,0.6346648976860121,-0.15824266348867533,-0.1722635051947659,-0.11931118325483225,-0.18160941023498542,-0.16607299983705398,-0.00934590504021943,-0.009302367806892642
2018-03-23,24686482.348066617,8601.975714285714,12600.0,7,0.6272078811150232,-0.011749533648665822,-0.011819104909339991,-0.00745701657098885,-0.0197312028107954,-0.0195378166312023,-0.007912097901455301,-0.007880879643083927
2018-03-30,25901949.030192286,7843.105714285714,12600.0,7,0.5450396906139492,-0.13100631062702683,-0.14041941568445576,-0.08216819050107405,-0.09235701814686753,-0.08822043042271184,0.04806239753758824,0.049236123032363244
2018-04-06,26189201.9861674,6932.76,12600.0,7,0.4764928693356573,-0.12576482494527813,-0.1344058605118863,-0.06854682127829187,-0.1233768906347259,-0.11606954533681445,0.011028969877160654,0.011090013173923108
2018-04-13,28421962.972290557,7204.527142857143,12600.0,7,0.45627210442100363,-0.04243665795638489,-0.04336340654503169,-0.02022076491465369,0.038451595958072626,0.03920042563959274,0.08181500250310421,0.08525502179495414
2018-04-20,29538643.164161097,8252.785714285714,12600.0,7,0.5029010372330747,0.10219544951414863,0.09730405391025243,0.04662893281207103,0.13584120741880887,0.145499982253222,0.03853715350855676,0.039289340886103696
2018-04-27,28810472.18578366,9068.187142857143,12600.0,7,0.5665556868310269,0.12657490218786482,0.11918196974751846,0.0636546495979522,0.09422156446451686,0.09880317468560408,-0.024960405283001873,-0.024651470087188043
2018-05-04,29591042.714241482,9394.44,12600.0,7,0.5714564425221019,0.008650086487503032,0.00861288884402077,0.004900755691075065,0.03534565476174246,0.035977737556931795,0.026732765917721543,0.027093291752538162
2018-05-11,29494896.450312816,9262.734285714285,12600.0,7,0.5652815815906648,-0.01080547959908306,-0.010864282775090264,-0.006174860931437154,-0.014118740608854981,-0.014019538608550978,-0.0032544578337647487,-0.003249167826127164
2018-05-18,31102117.977392398,8430.417142857143,12600.0,7,0.48790088405468485,-0.136888764920017,-0.14721170271694756,-0.07738069753597993,-0.09415303037859359,-0.0898565280168737,0.05305867233835397,0.05449151278720743
2018-05-25,32416920.158096157,7965.787142857143,12600.0,7,0.44231274245717705,-0.0934373006637106,-0.0980950847849744,-0.04558814159750779,-0.05669049023137401,-0.05511352429264633,0.04140459455360033,0.04227371851844519
2018-06-01,34917915.920147955,7390.948571428571,12600.0,7,0.3809994691262507,-0.1386197308951877,-0.1492192122376379,-0.06131327333092634,-0.07489967818776057,-0.0721634360948278,0.07431953404987754,0.0771509369136405
2018-06-08,36071319.205351874,7640.7185714285715,12600.0,7,0.3812805777985204,0.0007378190655078421,0.0007375470108309968,0.00028110867226971425,0.033235567098719755,0.03379403842228647,0.03249802008788867,0.03303184782968094
2018-06-15,35467851.3838995,6726.017142857143,12600.0,7,0.34134661065594485,-0.10473643156216006,-0.11063711418623207,-0.03993396714257558,-0.12750849054797708,-0.11971405830753015,-0.01687137636174501,-0.016729851714512134
2018-06-22,40041143.082713544,6564.337142857143,12600.0,7,0.29509164692763096,-0.13550731802910995,-0.14561243893696868,-0.04625496372831389,-0.024331627741051534,-0.02403799998810593,0.1212808111959171,0.1289418873817112
2018-06-29,38696886.70201976,6127.101428571428,12600.0,7,0.2850043895353714,-0.034183473159216195,-0.03478139361540092,-0.010087257392259574,-0.06892974635076794,-0.0666077480132909,-0.034148352735366906,-0.03357187825324903
2018-07-06,36772725.53551714,6510.935714285714,12600.0,7,0.318705891800018,0.11824906388139682,0.1117641262022759,0.03370150226464663,0.06076139283717145,0.06264532914771406,-0.05100273336510451,-0.04972392692258076
2018-07-13,39138338.54693436,6474.134285714286,12600.0,7,0.2977500360755225,-0.06575295990337371,-0.06801437883496766,-0.020955855724495542,-0.005668283206092209,-0.0056522487989985205,0.062346095628875525,0.06433064117405096
2018-07-20,39076095.65396583,6985.011428571429,12600.0,7,0.3217573393915197,0.08062905258526283,0.07754332767187952,0.024007303315997208,0.07595173126787026,0.07891049525871519,-0.001591596404009437,-0.0015903304861519807
2018-07-27,42646321.43868857,7886.89,12600.0,7,0.3328869060936422,0.03458993887496025,0.034005153887915016,0.011129566702122506,0.12143525845049567,0.12911626282235347,0.08743010456258073,0.09136598027444931
2018-08-03,44011969.312965885,7847.1214285714295,12600.0,7,0.32093130100559747,-0.03591491545384356,-0.03657572628910982,-0.011955605088044718,-0.005055119769936555,-0.005042364154764526,0.03152060651917321,0.03202264177088909
2018-08-10,46905257.71419741,6672.9914285714285,12600.0,7,0.2560775733205903,-0.2020797830619708,-0.22574666530493864,-0.06485372768500719,-0.16207851812063426,-0.14962556788340048,0.06366814718430436,0.06573867169309255
2018-08-17,49225729.625781335,6316.778571428571,12600.0,7,0.23098086133021856,-0.09800433386235072,-0.1031455636565004,-0.025096711990371723,-0.054858890929783924,-0.053381284983774736,0.04828667272671665,0.049471467052222495
2018-08-24,48781953.31651367,6468.9914285714285,12600.0,7,0.23869861249460833,0.033412946509694584,0.03286686486455846,0.0077177511643897745,0.02381085356357426,0.024096595348668967,-0.009056011300984337,-0.00901512913350988
2018-08-31,52406051.00926969,6936.427142857143,12600.0,7,0.2382467027506878,-0.001893223170414299,-0.001895017582573586,-0.0004519097439205366,0.06976660897855118,0.07225789668250339,0.07166162656112496,0.07429177075468174
2018-09-07,48326986.2308132,6968.122857142857,12600.0,7,0.2595365885832953,0.08936067356569558,0.08559098614721736,0.02128988583260752,0.004559049977906027,0.004569458257534431,-0.08103193616931156,-0.07783575941898357
2018-09-14,51877488.06207506,6340.617142857142,12600.0,7,0.22000122371935718,-0.1523306023237248,-0.1652645804366888,-0.03953536486393813,-0.09436976616042327,-0.09005376729867409,0.07089481427626575,0.0734683063889896
2018-09-21,50833133.47924247,6471.314285714286,12600.0,7,0.22914907889835837,0.04158092861642704,0.040739682604492296,0.009147855179001185,0.020403118377132,0.020612684840051687,-0.020336564227360354,-0.02013117099237638
2018-09-28,54196548.042892225,6603.5257142857145,12600.0,7,0.21931925030183094,-0.04289708971899273,-0.04384435905665014,-0.009829828596527423,0.020224482299431315,0.02043038287651882,0.06406884135608144,0.06616579253417854
2018-10-05,53485983.18551806,6578.975714285714,12600.0,7,0.2214067234146064,0.00951796575039649,0.009472955294314385,0.002087473112775462,-0.0037246388350083777,-0.0037177109717147047,-0.013197594129322587,-0.01311088774162894
2018-10-12,51388723.41641241,6502.0485714285705,12600.0,7,0.22774816439268716,0.028641591728927634,0.02823908882111667,0.006341440978080759,-0.011761774615255434,-0.011692875334697263,-0.04000086343637224,-0.03921139042786648
2018-10-19,51523342.05971213,6467.561428571428,12600.0,7,0.2259482810322498,-0.007902954411232873,-0.007934348267649008,-0.0017998833604373765,-0.005318159010162148,-0.005304042637990494,0.0026161892574867915,0.0026196144669496935
2018-10-26,50554554.63306058,6478.587142857143,12600.0,7,0.23067074651898423,0.020900647994132774,0.020685225920942258,0.0047224654867344396,0.001703320009132187,0.0017047714826498132,-0.01898190591181027,-0.018802884050665547
2018-11-02,53209408.21762111,6383.214285714285,12600.0,7,0.21593522835836942,-0.06388117428406583,-0.06601286001087256,-0.014735518160614802,-0.01483067605463868,-0.014721243234029674,0.05118218395623392,0.05251462709601973
2018-11-09,48198485.982575126,6444.365714285714,12600.0,7,0.24066851995948382,0.11454032669494135,0.10844205685444167,0.0247332916011144,0.009534439359723043,0.009580036927208607,-0.09890761749471863,-0.094173613330782
2018-11-16,47498655.06620492,6070.577142857143,12600.0,7,0.23004943701905775,-0.044123273547424395,-0.045126321470483316,-0.010619082940426072,-0.05975253463975429,-0.05800238347739404,-0.014626213169270855,-0.014519769700301555
2018-11-23,41716562.910689436,4813.2528571428575,12600.0,7,0.20768382000706775,-0.0972209160856898,-0.10227740232407509,-0.022365617011989997,-0.2320805565204071,-0.2071177511010956,-0.12980315419633195,-0.12173170266518596
2018-11-30,39652495.56812113,4003.6785714285716,12600.0,7,0.1817444608546968,-0.12489831490719014,-0.1334151878419201,-0.025939359152370944,-0.18415954386202205,-0.1681969158368398,-0.05074435602010188,-0.04947836539139738
2018-12-07,37260349.9299708,3829.207142857143,12600.0,7,0.18498411502031373,0.01782532546181418,0.017668317415411423,0.0032396541656169175,-0.044555811910913845,-0.04357778114769452,-0.06222412932632541,-0.06032774492189863
2018-12-14,36474153.87388945,3421.1814285714286,12600.0,7,0.16883535099184177,-0.08729811220114012,-0.09134597109411695,-0.016148764028471957,-0.11267183108154556,-0.1065561874987176,-0.021325859987428614,-0.021100071726620095
2018-12-21,37737581.64445253,3646.4185714285713,12600.0,7,0.17392618028389953,0.03015262658057761,0.029706972409994654,0.005090829292057758,0.06375953421008947,0.06583607083100364,0.03405256180009475,0.03463898778656849
2018-12-28,42480562.482173815,3916.04,12600.0,7,0.165931701185876,-0.04596478278873343,-0.04705469289941094,-0.007994479098023533,0.07133546653843985,0.07394143686192285,0.11839015943785083,0.12568322163321533
2019-01-04,41503774.31604117,3855.9628571428575,12600.0,7,0.16723137250133313,0.00783256789491508,0.0078020525736454335,0.0012996713154571349,-0.015460194902485094,-0.01534129959273717,-0.023262247476130336,-0.02299376724454938
2019-01-11,43383206.11835306,3919.297142857143,12600.0,7,0.16261441899653392,-0.02760817803347517,-0.02799644672925206,-0.004616953504799209,0.016291593216399353,0.016425024840932806,0.04428803994565149,0.04528339490284594
2019-01-18,39596971.16140294,3645.442857142857,12600.0,7,0.1657146228712877,0.01906475387536111,0.018885298713607942,0.0031002038747537652,-0.07243448219563343,-0.06987331547784817,-0.09131978090924145,-0.08727420805693686
2019-01-25,42615216.15394992,3603.5614285714287,12600.0,7,0.15220879199570503,-0.08150053774115505,-0.0850139597829311,-0.013505830875582658,-0.011555213083241716,-0.011488708015095118,0.07345874669968942,0.07622413795853666
2019-02-01,42745454.18155747,3485.174285714286,12600.0,7,0.1467597861433494,-0.03579954732515974,-0.03645606752841855,-0.005449005852355637,-0.033404588945713895,-0.032852816638143295,0.0030514785827046027,0.0030561390827412716
2019-02-08,44687760.90566323,3466.7785714285715,12600.0,7,0.13964005584760938,-0.048512814598855605,-0.0497290601231252,-0.007119730295740007,-0.005292256032015711,-0.005278276716638907,0.0444368040911097,0.04543890716088761
2019-02-15,42122041.99769081,3622.032857142857,12600.0,7,0.15478022511858658,0.10842282451891752,0.10293812610693533,0.015140169270977194,0.04380963378896884,0.04478344449045945,-0.05912849231796644,-0.057414353638990834
2019-02-22,44392096.570091344,3859.941428571429,12600.0,7,0.15651197191055027,0.011188424042133925,0.011126296601787041,0.0017317467919636953,0.06361657844941689,0.06568371431512615,0.052490281847629904,0.05389232014262224
2019-03-01,45061235.33978508,3867.095714285714,12600.0,7,0.15447362313142227,-0.01302359656099001,-0.013109147191067073,-0.0020383487791280075,0.0018517544632828556,0.0018534700193451362,0.014960901654350182,0.015073376150126716
2019-03-08,42458077.75944851,3840.902857142857,12600.0,7,0.1628341533035749,0.05412270394564192,0.052708860748922746,0.00836053017215263,-0.006796305868568163,-0.006773263213035085,-0.059505166617491015,-0.05776933456678246
2019-03-15,43644712.98495883,3904.0,12600.0,7,0.1610091926236694,-0.011207481003713007,-0.011270758047332142,-0.0018249606799055074,0.016294210539743004,0.016427685157358846,0.02756496858707522,0.027948397292815397
2019-03-22,48458005.46181213,4013.217142857143,12600.0,7,0.14907321893047468,-0.07413224983428708,-0.0770238729310343,-0.011935973693194712,0.02759153112729782,0.027975702576112395,0.10461540405833192,0.1102835176969108
2019-03-29,45880320.09996094,4008.842857142857,12600.0,7,0.1572769572473686,0.05503160376995687,0.05357072265940642,0.008203738316893916,-0.0010905643058828018,-0.0010899698567447646,-0.05466128696528925,-0.05319421089014009
2019-04-05,46348349.1029203,4603.75,12600.0,7,0.17879277601880908,0.1368021046948406,0.12821914921955427,0.021515818771440487,0.13836855340487703,0.1483987185472117,0.010149404185322957,0.01020108408005127
2019-04-12,46529038.052223384,5171.78,12600.0,7,0.20007299505206858,0.11902169375691558,0.11245481587727046,0.021280219033259495,0.11634573449148815,0.123384197664947,0.003890918614217524,0.0038984980652028156
2019-04-19,44832152.262787,5188.267142857143,12600.0,7,0.20830766282203697,0.04115831708234957,0.04033385980094129,0.008234667769968396,0.003182834314996592,0.0031879049103293697,-0.03715102548594487,-0.03646939331803567
2019-04-26,45668707.92235463,5345.29,12600.0,7,0.21068084554435812,0.011392680855666,0.011328272990997685,0.002373182722321149,0.02981604173587763,0.030264990760746676,0.018487768744880118,0.018659725606392952
2019-05-03,50615821.74513827,5390.595714285714,12600.0,7,0.191700380457545,-0.09009108083732673,-0.09441077331268995,-0.018980465086813114,0.008440101625214852,0.008475819700280846,0.102850874937905,0.1083261175506578
2019-05-10,46358590.45427758,5961.5599999999995,12600.0,7,0.2314739920874762,0.20747800048701354,0.1885338873202478,0.039773611629931205,0.10067629084974838,0.1059185878475662,-0.08785759647049937,-0.08410870640995971
2019-05-17,50298515.821669504,7626.482857142857,12600.0,7,0.27292394056969405,0.17906957109269325,0.16472562837468172,0.041449948482217835,0.24629458485949135,0.2792763734899687,0.08156895648480984,0.08498803196524674
2019-05-24,53427053.98068952,7843.604285714285,12600.0,7,0.26425727533823307,-0.031754873586283476,-0.032269993996569435,-0.00866666523146098,0.028071682385454044,0.028469404919474098,0.06034167638202345,0.06219941300280252
2019-05-31,52709461.48198146,8540.122857142856,12600.0,7,0.29164064117999156,0.10362388625520136,0.09859920706950122,0.02738336584175849,0.08507693473989208,0.08880083008485717,-0.013522272329609127,-0.013431257111189865
2019-06-07,55010514.6094238,8098.145714285715,12600.0,7,0.26497956598313976,-0.09141755788555342,-0.09586964995267479,-0.02666107519685179,-0.053140282470301475,-0.051753019277407324,0.04272936748237342,0.04365540953646341
2019-06-14,54341333.63223674,8088.458571428571,12600.0,7,0.26792175413108565,0.011103452966381176,0.01104226216860881,0.00294218814794589,-0.0011969334448013035,-0.001196217405677837,-0.0122391956134102,-0.012164601293739308
2019-06-21,54312171.76966326,9326.674285714285,12600.0,7,0.30910223559984523,0.15370338852219992,0.14297710603806515,0.04118048146875958,0.14244031961473072,0.1530842623908034,-0.0005367864233342174,-0.0005366423792768638
2019-06-28,60049192.068817385,11534.862857142858,12600.0,7,0.34576240624624355,0.11860208831959891,0.11207977030830915,0.036660170646398316,0.2124955047950394,0.23676055406061156,0.10041573448673004,0.10563047125945735
2019-07-05,64980187.967795126,11174.361428571428,12600.0,7,0.30953820234249263,-0.10476617252007706,-0.11067033507556429,-0.03622420390375092,-0.03175200626419457,-0.031253204570888544,0.07891832881137001,0.08211594076614293
2019-07-12,65695006.66751491,11832.287142857143,12600.0,7,0.32419689010663305,0.047356635314180454,0.04626949978558998,0.014658687764140421,0.05720999743227417,0.05887814874176901,0.010940497646684163,0.011000563742198821
2019-07-19,62975235.279172234,10387.074285714287,12600.0,7,0.2968902558506086,-0.08422855088783525,-0.08798845514360829,-0.027306634256024476,-0.13026981742505897,-0.12214146256713315,-0.04228136228145066,-0.041399971265815516
2019-07-26,69453367.58318698,10146.881428571429,12600.0,7,0.2629733763384851,-0.11424046038476254,-0.12130976519549835,-0.033916879512123466,-0.023395766156266314,-0.023124207118957817,0.09791399903923213,0.1028679333280278
2019-08-02,71970816.45924972,9877.224285714286,12600.0,7,0.24703073535857814,-0.060624543829815164,-0.06254003286470618,-0.01594264097990697,-0.026934880314220692,-0.026575371433615658,0.03560515255048559,0.03624660637293786
2019-08-09,74645231.15109324,11556.667142857143,12600.0,7,0.27867822949113064,0.12811156509174654,0.12054505340824766,0.031647494132552495,0.15703098268714835,0.17003186407054485,0.0364859292789006,0.03715971033005849
2019-08-16,74804197.31214511,10828.984285714285,12600.0,7,0.2605759090355347,-0.06495778478516596,-0.06716360075028963,-0.018102320455595955,-0.06503624271836386,-0.0629664978793318,0.0021273580319257253,0.002129622463491243
2019-08-23,72476987.71410619,10412.312857142857,12600.0,7,0.2585946758271434,-0.007603286181460064,-0.007632338517676287,-0.0019812332083912754,-0.039237235087287464,-0.0384774248053075,-0.031604896569611116,-0.031110682042718496
2019-08-30,77006464.40155365,9947.869999999999,12600.0,7,0.23252808889689436,-0.1008009420413325,-0.10625084748708982,-0.026066586930249047,-0.045630576525585186,-0.044605157712318426,0.060620270961504436,0.06249537722669296
2019-09-06,82427863.10628225,10265.252857142857,12600.0,7,0.22416516025694327,-0.03596524049900614,-0.036627927448005075,-0.008362928639951084,0.031406225206437016,0.03190460441711226,0.06803415265444197,0.07040186491952771
2019-09-13,88264875.65931693,10329.062857142857,12600.0,7,0.21064226289310592,-0.060325598091769024,-0.06222184467051528,-0.013522897363837355,0.006196875398421669,0.006216115753602568,0.06841872006893703,0.07081358575932573
2019-09-20,92539284.26485196,10252.825714285715,12600.0,7,0.1994297495633846,-0.053230121893493416,-0.05469921626907082,-0.011212513329721313,-0.007408211472942172,-0.007380838311427454,0.04729100479612845,0.04842706199500357
2019-09-27,90911902.59330647,8997.974285714286,12600.0,7,0.17815438080467802,-0.10668101827979608,-0.11281155951296937,-0.021275368758706587,-0.13055387439735247,-0.12239078899224712,-0.017742314884382947,-0.017585846751179135
2019-10-04,92045849.78090408,8248.005714285715,12600.0,7,0.16129364138690735,-0.09464117212057876,-0.09942391897115223,-0.016860739417770665,-0.08702803311391316,-0.08334860132010666,0.012395885857239239,0.012473033291034774
2019-10-11,98366968.31974433,8273.65,12600.0,7,0.15139807858661783,-0.061351226962210396,-0.06331391336886633,-0.009895562800289526,0.0031043264370011216,0.0031091498481709678,0.06641823980586721,0.06867358554336067
2019-10-18,94483295.84507366,8174.2699999999995,12600.0,7,0.15572790796932356,0.028598971817390368,0.02819765476396419,0.0043298293827057355,-0.01208434980001682,-0.012011627274540271,-0.04028200456398068,-0.03948146965398691
2019-10-25,99651037.85811296,8010.495714285715,12600.0,7,0.14469384961393444,-0.070854726678552,-0.07349017637497215,-0.01103405835538912,-0.020238770067642964,-0.020035340857872914,0.05325140630732901,0.05469476870824841
2019-11-01,89912871.12779178,9293.234285714285,12600.0,7,0.18604479541656185,0.28578233223428723,0.25136735195153614,0.04135094580262741,0.1485339931533056,0.1601322336570216,-0.10283335879823059,-0.09772268246906535
2019-11-08,91811836.08698368,9229.550000000001,12600.0,7,0.18094823835415358,-0.02739424691240019,-0.027776465866878305,-0.0050965570624082746,-0.006876345982307675,-0.00685275801258775,0.020900119884570734,0.02112005695483732
2019-11-15,96754774.89963596,8756.042857142858,12600.0,7,0.16289508356777174,-0.09976971840448667,-0.10510467994711349,-0.018053154786381836,-0.05266621901188167,-0.05130338346475643,0.05243846093523151,0.053837707896063236
2019-11-22,91040681.0597551,8050.905714285715,12600.0,7,0.1591775250033841,-0.022821797214284595,-0.023086245633539556,-0.0037175585643876297,-0.0839594780585557,-0.08053148601047776,-0.060873232425016,-0.059057486783552604
2019-11-29,91855749.6132314,7331.5542857142855,12600.0,7,0.14366871719900237,-0.09743088921662794,-0.10251001466168567,-0.015508807804381741,-0.09359705833686821,-0.08935037300151151,0.00891295632481754,0.008952794992178603
2019-12-06,95597133.36180022,7399.998571428571,12600.0,7,0.13933469509132773,-0.030166776680210627,-0.030631156989043888,-0.00433402210767464,0.009292269303813688,0.009335576474916264,0.03992342629285742,0.04073107850431046
2019-12-13,93089414.9350215,7330.305714285714,12600.0,7,0.14174060815533515,0.017267149882737035,0.017119766821434877,0.00240591306400742,-0.009462584861538162,-0.009417955486091782,-0.026582351682972898,-0.026232150887704142
2019-12-20,94211424.5854256,7057.578571428572,12600.0,7,0.13484183563164875,-0.04867181405152399,-0.04989618033397959,-0.006898772523686397,-0.03791520817501274,-0.03720542546071933,0.01198097215896693,0.012053031498664879
2019-12-27,96934932.40474841,7275.475714285714,12600.0,7,0.13509945239382845,0.0019105106436212833,0.0019086879393229571,0.00025761676217969653,0.03040718707616679,0.03087420715927448,0.028498499136843658,0.028908466582556303
2020-01-03,104395273.55743887,7232.771428571429,12600.0,7,0.12470860152749591,-0.07691260536010293,-0.08003136354465945,-0.01039085086633254,-0.005886915024657817,-0.005869621093014354,0.07414444852000177,0.07696235988013145
2020-01-10,107294406.24738576,7813.331428571429,12600.0,7,0.13107856283767116,0.051078764673427896,0.04981703168754536,0.006369961310175254,0.0772091460822818,0.08026798658486958,0.027392114394736135,0.0277707274587653
2020-01-17,108246803.73697564,8508.75,12600.0,7,0.14148916615787657,0.07942262330948799,0.07642629013552425,0.010410603320205408,0.0852636135228718,0.08900410507169795,0.008837323387347716,0.008876487814229339
2020-01-24,111061890.26664314,8637.722857142859,12600.0,7,0.13999312550442766,-0.010573535020904686,-0.010629832032927201,-0.0014960406534489101,0.015043944097315664,0.015157673823165404,0.02567377613024292,0.026006186164237777
2020-01-31,112484984.83251528,9052.707142857142,12600.0,7,0.14486264883624364,0.03478401753136061,0.034192726227238714,0.004869523331815978,0.04692485491091492,0.04804325081709665,0.01273212868367593,0.012813527326569929
2020-02-07,111042231.28852428,9479.322857142857,12600.0,7,0.15366028712555693,0.06073089481649864,0.058958193923719,0.008797638289313292,0.04604904035610526,0.04712576111802403,-0.012909153567613645,-0.012826187834217961
2020-02-14,107849854.97764662,10160.73,12600.0,7,0.1695812572375801,0.10361148224989346,0.09858796766523568,0.015920970112023175,0.06941740481856079,0.07188352513425457,-0.02917056284667488,-0.028749208961614037
2020-02-21,112499714.52616353,9803.587142857143,12600.0,7,0.15685779231945432,-0.07502872148365108,-0.07799259220437675,-0.012723464918125788,-0.03578193627543417,-0.035149330524761206,0.04221065592894254,0.04311419379729964
2020-02-28,114324237.94649757,9280.504285714285,12600.0,7,0.14611868851558335,-0.0684639484278847,-0.07092038698183953,-0.01073910380387097,-0.05483246723279829,-0.053356271487215126,0.016087919749041123,0.016218027112501865
2020-03-06,121461998.0598193,8827.034285714286,12600.0,7,0.13081179272599028,-0.10475659167965098,-0.11065963307920874,-0.015306895789593072,-0.05009679623763007,-0.048862646472566926,0.0605628368415786,0.062434355492158256
2020-03-13,114556983.02372396,7327.881428571428,12600.0,7,0.11514083404847501,-0.1197977518001073,-0.12760357041630085,-0.015670958677515265,-0.1861326435750134,-0.1698365281722191,-0.058529073158712704,-0.05684918037240472
2020-03-20,96089842.43379745,5532.261428571429,12600.0,7,0.10363291602116358,-0.09994645359670168,-0.10530102142397858,-0.011507918027311437,-0.2810897764414145,-0.24503944523431725,-0.1757887550174359,-0.16120484410891034
2020-03-27,100824671.6382827,6447.035714285715,12600.0,7,0.11509746669294425,0.11062653751284413,0.10492430429304087,0.011464550671780677,0.15302377578766235,0.16535268579136972,0.04809947149462154,0.04927502308839138
2020-04-03,101906784.3462177,6453.334285714285,12600.0,7,0.11398653964805285,-0.00965205470468891,-0.009698937706808986,-0.0011109270448914077,0.0009764947717105684,0.0009769716979562873,0.010675432478520016,0.010732618220837598
2020-04-10,111085983.63585627,7106.398571428572,12600.0,7,0.11514969764774707,0.010204345208527414,0.01015263237747576,0.0011631579996942282,0.09639864468729377,0.10119796322344123,0.08624601230981785,0.0900744670585738
2020-04-17,115438994.24834229,6903.062857142858,12600.0,7,0.10763705300590468,-0.06524241743842203,-0.06746805329734107,-0.0075126446418423976,-0.029030379995598196,-0.028613046713032612,0.038437673301742976,0.03918595730992802
2020-04-24,113246612.47749686,7175.547142857143,12600.0,7,0.11405184291679701,0.05959648403362028,0.05788816020870598,0.006414789910892338,0.03871381013078151,0.039472954448377236,-0.01917435007792442,-0.018991691543405076
2020-05-01,112590961.54919858,8149.662857142857,12600.0,7,0.1302892607098581,0.14236874545645525,0.1331039535598584,0.016237417793061093,0.12729754359290846,0.13575490410586913,-0.005806409966949971,-0.005789585347893422
2020-05-08,121809011.3828473,9251.572857142857,12600.0,7,0.13671263688789886,0.04930088744877454,0.04812412093451519,0.006423376178040757,0.12681701650405766,0.13520927421362214,0.07869289556954233,0.08187202335616184
2020-05-15,110869587.67915438,9155.50857142857,9000.0,7,0.10617310309956668,-0.22338486392720142,-0.2528103716957753,-0.030539533788332185,-0.010437847874850007,-0.010383562578780136,-0.09409971280028753,-0.0898080000773519
2020-05-22,92672307.7812637,9471.41,6300.0,7,0.09198291489751181,-0.13365144078672764,-0.1434679580805427,-0.014190188202054865,0.03392205954567092,0.03450397387614896,-0.17928492631251886,-0.16413229523818396
2020-05-29,96230090.0172778,9122.801428571429,6300.0,7,0.08532176665573224,-0.07241723366998627,-0.07517325254651135,-0.006661148241779574,-0.037500856246894816,-0.03680640701105442,0.03767239629961635,0.03839099641730748
2020-06-05,110490506.78849773,9709.694285714286,6300.0,7,0.07909027762783848,-0.07303516174292798,-0.07583964481843868,-0.0062314890278937635,0.0623478662257679,0.06433252567624509,0.13818751104420665,0.14819082855123078
2020-06-12,116483121.83774914,9658.377142857144,6300.0,7,0.07462488377225485,-0.0564594535449182,-0.05811594058172015,-0.00446539385558363,-0.005299160851733181,-0.005285145067094884,0.05281677972998693,0.05423646993241271
2020-06-19,107496403.80289742,9415.19,6300.0,7,0.07882748352714292,0.056316332333780805,0.05478769756005165,0.00420259975488807,-0.025501294008984963,-0.02517888246235986,-0.08028899156903678,-0.07715038791087203
2020-06-26,116112462.1016223,9380.032857142856,6300.0,7,0.07270562882423472,-0.07766142503839087,-0.08084290487085784,-0.0061218547029082,-0.0037410765627295707,-0.003734087454118739,0.07710182830812834,0.08015206084961735
2020-07-03,120694446.20026872,9121.317142857142,6300.0,7,0.06801626493194142,-0.0644979483449596,-0.06667194015971839,-0.004689363892293297,-0.027969048688633823,-0.02758153603787252,0.03870289147108444,0.0394616048588845
2020-07-10,125435743.81487872,9256.390000000001,6300.0,7,0.0664144903728138,-0.023549875323650757,-0.02383160557006306,-0.0016017745591276195,0.014699906618130169,0.014808481607136516,0.03853151218819319,0.03928347793851872
2020-07-17,118834264.60249458,9216.468571428572,6300.0,7,0.06980159924439494,0.05099954622203386,0.04974166013642766,0.0033871088715811404,-0.0043221779201599725,-0.0043128507519054095,-0.05406383805658758,-0.052628373792136696
2020-07-24,120334733.19053213,9379.024285714286,6300.0,7,0.07014701103610374,0.00494847962579505,0.00493627614305726,0.00034541179170879954,0.0174837909798118,0.017637527109856756,0.012547514836754509,0.012626565183507354
2020-07-31,126433516.01980385,10743.577142857144,6300.0,7,0.0764767107090251,0.09023477379048343,0.08639306184682392,0.006329699672921366,0.1358323640364102,0.14548985220363328,0.04943930218958636,0.050681816193627105
2020-08-07,122908897.91671085,11490.281428571428,6300.0,7,0.08413754789927438,0.10017215854636925,0.09546667532768827,0.007660837190249278,0.06719348397770901,0.06950238973345388,-0.028273191349979424,-0.027877245006307727
2020-08-14,128062871.7107127,11696.988571428572,6300.0,7,0.0822040734653078,-0.022979923734897247,-0.02324807826091712,-0.0019334744339665894,0.017829836707629602,0.017989737165458018,0.041077914968546805,0.041933284582003516
2020-08-21,123783586.97842543,11883.987142857144,6300.0,7,0.08640554607967203,0.05111027273043064,0.04984700811349426,0.004201472614364238,0.01586045409637564,0.01598689870359801,-0.03398655401711856,-0.033415498771212526
2020-08-28,124974974.91400485,11534.574285714287,6300.0,7,0.08306556464032973,-0.03865471131057496,-0.03942163309933987,-0.0033399814393423044,-0.029842891078291252,-0.02940198882265465,0.009578742021048404,0.009624765000444402
2020-09-04,123541653.88098185,11260.195714285714,6300.0,7,0.08203043932551084,-0.012461545518903513,-0.012539841718370831,-0.001035125314818891,-0.024074980698898834,-0.023787490082611412,-0.011535138980527888,-0.011468864338714746
2020-09-11,132721766.96956041,10272.712857142858,6300.0,7,0.06966032612833585,-0.15079906067658932,-0.16345944302622117,-0.012370113197174987,-0.0917828613097684,-0.08769677563330841,0.0716765817164527,0.07430783707511757
2020-09-18,144046631.09363145,10726.5,6300.0,7,0.06701892246077537,-0.03791833622332169,-0.03865594233860038,-0.0026414036675604796,0.04322617254841627,0.04417403164750319,0.08188211488701679,0.08532785829070799
2020-09-25,137733271.07741544,10661.93142857143,6300.0,7,0.06966899290673807,0.03954212256267962,0.038780349440758345,0.0026500704459627017,-0.006037728179694946,-0.006019537726991103,-0.044818077620453235,-0.04382858500947706
2020-10-02,136423941.715924,10719.262857142856,6300.0,7,0.07071586152757006,0.015026320564635877,0.014914543748307084,0.0010468686208319894,0.005362802957395586,0.005377208525069988,-0.009551740790911643,-0.009506267812048885
2020-10-09,142570984.67656028,10755.345714285713,6300.0,7,0.06789467832334173,-0.03989463103873006,-0.04071224120871396,-0.0028211832042283336,0.0033605167684455095,0.0033661696353320908,0.04407275797715981,0.045058388456743925
2020-10-16,146247039.49094185,11415.427142857143,6300.0,7,0.07025020447820939,0.03469382598220284,0.03410556264682411,0.002355526154867657,0.05956279199667944,0.06137240457967622,0.025457229349855347,0.02578403188223155
2020-10-23,134598964.93147042,12185.742857142857,6300.0,7,0.08148033364901716,0.1598590246707567,0.1482984672766048,0.011230129170807776,0.06530095138820757,0.06748023570609148,-0.08299751588839728,-0.07964656652207225
2020-10-30,113305301.23124477,13313.841428571428,6300.0,7,0.1057537216308996,0.29790486728296844,0.2607513238262554,0.024273387981882444,0.08853755287530235,0.09257528118339693,-0.1722137709509528,-0.15820079828301126
2020-11-06,120843885.56674941,14358.345714285713,6300.0,7,0.10693558124394516,0.01117558412904337,0.011113598676943809,0.0011818596130455522,0.07552715304814557,0.07845251059343286,0.06441355437120182,0.0665333771110952
2020-11-13,127139976.7441883,15617.375714285716,6300.0,7,0.11055246746770893,0.03382303796070276,0.03326361826810631,0.003616886223763771,0.08405276621941254,0.08768628538783137,0.05078914795130633,0.05210103223601803
2020-11-20,134672277.1651127,17246.762857142858,6300.0,7,0.1152582171934167,0.04256575934935383,0.04168475121402334,0.004705749725707767,0.09924034316313869,0.10433168623629187,0.0575555919491151,0.05924415446511966
2020-11-27,136246815.233739,18247.73857142857,6300.0,7,0.12053833835389989,0.04581123401919828,0.04479288474823724,0.005280121160483195,0.056416693044759054,0.058038469165310747,0.011623808296521666,0.011691627273041849
2020-12-04,134261487.015625,18822.522857142856,6300.0,7,0.12617371480070905,0.04675173495642293,0.04569178338545597,0.005635376446809157,0.031013018637312376,0.03149893250960179,-0.014678764748143528,-0.01457155688159062
2020-12-11,133682754.63226442,18696.565714285713,6300.0,7,0.12587195101675408,-0.002391653320436842,-0.0023945178915249017,-0.00030176378395496695,-0.006714321741489281,-0.006691831048001341,-0.004319803849964394,-0.004310486917914358
2020-12-18,135215606.31672114,20572.93571428571,6300.0,7,0.13693420935071046,0.08788501524445227,0.08423545833078214,0.011062258333956382,0.09563655637387064,0.10035907281979053,0.011401098043088531,0.011466338262353215
2020-12-25,135176050.34505486,23647.70142857143,6300.0,7,0.1574460211804293,0.14979318847334053,0.13958209009256783,0.02051181182971884,0.13928950730775258,0.14945682798933843,-0.00029258278481523716,-0.0002925399866463563
2021-01-01,143758915.003915,27763.735714285714,6300.0,7,0.17381434843311566,0.10396151728679542,0.09890508971728909,0.01636832725268636,0.16046477939122847,0.1740564214305093,0.061559689673939315,0.06349397424285774
2021-01-08,150502555.1667533,35471.63857142857,6300.0,7,0.2121191542490036,0.22037769701520213,0.19916039855015502,0.03830480581588794,0.24500276527414627,0.2776248461829576,0.045842366723991154,0.0469093701956127
2021-01-15,154208346.88239056,37331.39571428572,6300.0,7,0.21787572995955523,0.027138405915922474,0.026776689067620197,0.005756575710551631,0.05110121707086706,0.05242941171471931,0.024324528003246942,0.024622782726388515
2021-01-22,146698636.08872342,34824.32857142857,6300.0,7,0.2136481739021085,-0.019403519879114144,-0.019594239287165603,-0.004227556057446735,-0.06951844136373511,-0.06715706966985337,-0.04992420207656947,-0.048698471551572586
2021-01-29,153932852.59309286,32471.67714285714,6300.0,7,0.18985232155622878,-0.11137868352098693,-0.11808409993279526,-0.02379585234587972,-0.06994800255089331,-0.06755769673335915,0.04813609738190221,0.04931345442089996
2021-02-05,154210415.00990644,35641.77285714286,6300.0,7,0.20801186203518043,0.09565087395348666,0.09134859211650004,0.018159540478951658,0.0931501079765792,0.09762648539338077,0.001801515860079075,0.0018031395646729287
2021-02-12,158508163.61698684,44482.782857142854,6300.0,7,0.25257061628804456,0.21421256373027436,0.1940957709924656,0.044558754252864125,0.22158386738774005,0.2480519146855007,0.027488096395274195,0.027869379683624462
2021-02-19,155388379.9984793,50382.33142857143,6300.0,7,0.29181138439153587,0.15536553174791762,0.14441677160907662,0.03924076810349131,0.12453833450136687,0.13262543825945122,-0.019878437107709583,-0.019682163664743846
2021-02-26,155912107.3587377,51362.31428571429,6300.0,7,0.2964880896053916,0.01602646594342864,0.015899397973934668,0.004676705213855714,0.019264171725677043,0.01945092315809582,0.0033647737517423534,0.0033704409574482064
2021-03-05,153426698.44447988,48160.05142857142,6300.0,7,0.2825065436795479,-0.047157192534959126,-0.04830533388034003,-0.013981545925843664,-0.06437484957763433,-0.06234654535482117,-0.01606951569729418,-0.015941089863785618
2021-03-12,157687783.51026887,54021.37714285714,6300.0,7,0.30832597393573785,0.09139409629207515,0.08745586645728393,0.025819430256189935,0.11484997237409532,0.12170513818862803,0.027394105916811476,0.027772774288895574
2021-03-19,158149386.81858614,58197.31857142857,6300.0,7,0.33119057726330786,0.07415724026006162,0.07153639157150574,0.02286460332757001,0.07445943977704951,0.0773016470411026,0.002923048205543762,0.0029273244765166684
2021-03-26,166505072.60598585,54660.23428571429,6300.0,7,0.2954517246063429,-0.10791023389699689,-0.11418851682083145,-0.03573885265696497,-0.0627028142924146,-0.06077744426271185,0.05148570252841692,0.05283413331842102
2021-04-02,165567109.90699315,57794.97142857143,6300.0,7,0.3141655025260381,0.06333954538471305,0.06141447016616779,0.018713777919695196,0.05576530566023713,0.05734950067121137,-0.005649164505930934,-0.005633237980756767
2021-04-09,168545770.04453316,57795.37142857142,6300.0,7,0.3086154833311489,-0.0176659090519628,-0.017823813672906516,-0.0055500191948891775,6.920993399762294e-06,6.921017349901066e-06,0.017830734666306462,0.0179906512785859
2021-04-16,165040628.7275257,61540.45714285714,6300.0,7,0.3355925862353068,0.08741331644469395,0.08380177178739627,0.02697710290415789,0.06278610487065389,0.06479905953912286,-0.02101566691674242,-0.020796376652355786
2021-04-23,139522496.36822057,55025.42142857143,6300.0,7,0.35494547886396804,0.057667819321525815,0.05606631374155057,0.019352892628661245,-0.11189951201246384,-0.10586589727733108,-0.16796582575401425,-0.1546172754918086
2021-04-30,160872887.4749637,53512.88857142858,6300.0,7,0.2993767344530383,-0.1565557183282966,-0.17026143528733595,-0.05556874441092974,-0.027872753474072965,-0.027487892284592044,0.1423886818132629,0.1530247211918878
2021-05-07,176195575.88339615,56604.137142857144,6300.0,7,0.28913168320574234,-0.034221267280551006,-0.03482052616260771,-0.010245051247295967,0.05615954416915381,0.05776643074130433,0.09098007033176156,0.09524717712807318
2021-05-14,181065591.46266887,54135.35428571428,6300.0,7,0.26908380804747245,-0.06933821619266846,-0.07185935040710732,-0.02004787515826989,-0.04459460570784743,-0.043614883677356726,0.02726474469926,0.027639828950618117
2021-05-21,148060747.37400672,42060.54571428571,6300.0,7,0.2556686482693171,-0.049854949933622876,-0.0511406217622119,-0.013415159778155328,-0.25237732637436305,-0.22304848154683599,-0.2012367046121511,-0.18228114917939509
2021-05-28,151356941.6441553,37564.04285714286,6300.0,7,0.22336364757495789,-0.12635495557644472,-0.13508111348061216,-0.03230500069435924,-0.11306285900072482,-0.10690548067748049,0.022018254479887416,0.022262445169362044
2021-06-04,152345011.83252457,36845.235714285714,6300.0,7,0.21766851270005,-0.025497143052325356,-0.025827828332636655,-0.005695134874907887,-0.019320964196680702,-0.019135510668827273,0.0065068641359558605,0.006528079767178729
2021-06-11,136123474.50387856,35677.364285714284,6300.0,7,0.23588604371267322,0.08369391965170088,0.08037550120088938,0.018217531012623217,-0.03220988758788674,-0.031696674099946684,-0.11258538878877608,-0.10647895282898145
2021-06-18,131447332.86309557,38215.09142857143,6300.0,7,0.2616529490296752,0.10923454779880055,0.10367018086549808,0.02576690531700196,0.0687140671034921,0.0711298940845047,-0.03495611376200587,-0.034352206023434695
2021-06-25,104086272.26425175,33604.311428571425,6300.0,7,0.29056550520833174,0.11049963811177023,0.10481003847365193,0.028912556178656568,-0.12857612610677735,-0.1206533813642211,-0.23338616458042952,-0.20815226907145223
2021-07-02,86190413.18707673,34259.102857142854,6300.0,7,0.3577334349761726,0.23116277935222324,0.20795907189016044,0.06716792976784086,0.01929793118285647,0.019485339848823825,-0.18866114070730386,-0.17193294262418624
2021-07-09,94163449.62525102,34067.18,6300.0,7,0.325608950415704,-0.08980006177674817,-0.09409099127121738,-0.032124484560468625,-0.005617848765593528,-0.005602098161856533,0.0884731425056241,0.09250491027196706
2021-07-16,102895365.42640568,32811.44714285714,6300.0,7,0.28699351332487877,-0.1185945197192061,-0.12623750889356447,-0.03861543709082521,-0.037557004718905086,-0.03686048734127271,0.08868050417465945,0.09273147740344778
2021-07-23,99694803.76163082,31724.70142857143,6300.0,7,0.2863963838474707,-0.002080637539469863,-0.0020828050728445954,-0.0005971294774080871,-0.03368185044098902,-0.033120932141583126,-0.03159904536814457,-0.031105012859534598
2021-07-30,108079159.64174728,38387.294285714284,6300.0,7,0.3196598212982212,0.11614475365885199,0.10988056312743492,0.0332634374507505,0.19063092454407302,0.2100127836393912,0.08075036141663809,0.08410022953817498
2021-08-06,111496187.6765976,40310.31857142857,6300.0,7,0.3253858940856013,0.01791302004776537,0.017754472481654418,0.005726072787380132,0.0488809532697265,0.0500953328828371,0.031126480788072,0.0316159752368248
2021-08-13,112673662.99127458,45450.64142857143,6300.0,7,0.36304470982612863,0.11573585833017143,0.10951414986047178,0.03765881574052732,0.12001945322873621,0.1275187852468685,0.010505303368264702,0.010560677806243257
2021-08-20,125305248.50970271,46506.04,6300.0,7,0.334027796104319,-0.07992655707807059,-0.08330178286227038,-0.029016913721809645,0.022955263267374015,0.02322076296958756,0.1062570461296443,0.1121077027504318
2021-08-27,131336022.22582172,48615.13428571429,6300.0,7,0.3331425766947017,-0.0026501369644723145,-0.0026536547939654356,-0.0008852194096172772,0.04435269085467478,0.04535097560906685,0.04700634564864025,0.048128660114759914
2021-09-03,127363579.59702559,48572.28857142857,6300.0,7,0.3432304576598648,0.030280971784665756,0.029831553182076743,0.01008788096516311,-0.0008817132053074012,-0.0008813246104373186,-0.030713266387384294,-0.030246405833472267
2021-09-10,136718608.68605456,48369.782857142854,6300.0,7,0.31841169969329103,-0.07230931117182127,-0.07505691120827172,-0.02481875796657379,-0.004177876660917632,-0.00416916147543514,0.07087903454735432,0.0734513674837658
2021-09-17,136964856.32772258,46644.90142857143,6300.0,7,0.30650498537570603,-0.037394085484465864,-0.03811117781917015,-0.011906714317584999,-0.03631167043492886,-0.03566030952972758,0.0017995073842410557,0.0018011274692932844
2021-09-24,140820110.1843106,44359.67142857143,6300.0,7,0.28350854315808066,-0.07502795489423088,-0.07799176343366743,-0.022996442217625368,-0.050232871660228384,-0.04899206408441937,0.02775889177343903,0.028147759651303117
2021-10-01,139319073.52968615,43243.01714285714,6300.0,7,0.2793495136204636,-0.014669856122459147,-0.01477852251817048,-0.004159029537617043,-0.025494988525873997,-0.025172735724887967,-0.01071646600770342,-0.010659249255378533
2021-10-08,147125955.155094,51396.65714285714,6300.0,7,0.31440401783498534,0.12548618309802498,0.11821510505475605,0.03505450421452172,0.17273736721644398,0.1885539108675911,0.05452226216168778,0.056035985795902965
2021-10-15,147132294.84253672,57084.450000000004,6300.0,7,0.3491823807613645,0.11061678907879778,0.10491552683590251,0.03477836292637915,0.10495861611169185,0.11066464578296656,4.308927578932364e-05,4.309020414550169e-05
2021-10-22,150966051.898406,62531.287142857145,6300.0,7,0.372786846584849,0.06759924647978187,0.06541243274036013,0.02360446582348452,0.09113527544586403,0.09541717828335283,0.02572284270550391,0.02605653000907937
2021-10-29,160045039.9516397,60991.200000000004,6300.0,7,0.34297895152881064,-0.07995962123962407,-0.08333771994525668,-0.02980789505603837,-0.02493743430112683,-0.02462906511645447,0.05840028564412983,0.060139269319591904
2021-11-05,161655513.08293316,61837.25,6300.0,7,0.3442723600242969,0.0037711016659213595,0.0037640088881655508,0.001293408495486259,0.013776342219975988,0.013871673290572994,0.01001233333181061,0.010062624444844293
2021-11-12,160809528.3262077,64746.29714285715,6300.0,7,0.36236451928622865,0.052551878578503665,0.05121757617057725,0.01809215926193175,0.045970578270108635,0.047043604669631124,-0.0052469979004687965,-0.005233256451275148
2021-11-19,167422920.95156786,61296.29714285715,6300.0,7,0.3295048677625811,-0.09068120573276105,-0.09505953752376288,-0.03285965152364756,-0.054757076343711415,-0.053284900484546184,0.0403024611800516,0.041125626660285075
2021-11-26,156874302.8256983,57467.20714285714,6300.0,7,0.3296938089728923,0.0005734094661307073,0.0005732451297411501,0.00018894121031121092,-0.06450496106242339,-0.06246853690159989,-0.06507820619216452,-0.06300581823513329
2021-12-03,163452299.0105007,56337.90285714286,6300.0,7,0.3102073992129727,-0.059104566811934885,-0.0609232686446406,-0.01948640975991961,-0.019846935782849087,-0.019651281867708665,0.04107633286179158,0.0419316361336195
2021-12-10,182919668.52357385,49313.25142857143,6300.0,7,0.24263069490525863,-0.21784362487536707,-0.2457005902377319,-0.06757670430771406,-0.1331747021872917,-0.12468784019852457,0.11252588805044016,0.1191012278868131
2021-12-17,170219250.54644614,48187.46,6300.0,7,0.254781488349735,0.05007937453759089,0.04886575610999492,0.012150793444476393,-0.023094015352819977,-0.02282938958511181,-0.07195977146281496,-0.06943166953908475
2021-12-24,179518022.25301385,48525.04285714286,6300.0,7,0.24327662495009117,-0.04515580576188205,-0.04620709920603156,-0.01150486339964385,0.0069811910194451715,0.0070056163396630036,0.05318829022547692,0.05462820260761547
2021-12-31,169222765.21473914,48467.47142857143,6300.0,7,0.25777101698084626,0.05957987962768166,0.05787248958664383,0.014494392030755088,-0.0011871315174494922,-0.0011864271555806168,-0.059059621104093483,-0.057349434385838505
2022-01-07,182546221.1568804,45055.70428571429,6300.0,7,0.22213625458888042,-0.13824192808539715,-0.14878070674234392,-0.035634762391965835,-0.07299328348132704,-0.07039292627190605,0.07578742326101685,0.07873323618860706
2022-01-14,186606223.4847343,42531.0,6300.0,7,0.20512659913044862,-0.07657307218901523,-0.0796636077457619,-0.017009655458431805,-0.05766637544947704,-0.0560351752511566,0.02199723229628494,0.022240955206433544
2022-01-21,195380641.73388058,41375.33714285714,6300.0,7,0.1905910590635249,-0.07086131261640997,-0.07349726456816248,-0.01453554006692373,-0.027548239671729487,-0.027172247469912748,0.04594902489643318,0.04702103759076448
2022-01-28,189373628.02588102,36686.68142857143,6300.0,7,0.1743538085524867,-0.08519418796883983,-0.08904346351836301,-0.016237250511038193,-0.12027119679052892,-0.11332006064620412,-0.031227733272165867,-0.03074518363073786
2022-02-04,194076428.67130828,38449.51714285714,6300.0,7,0.17830380363799053,0.02265505478943839,0.022402240264065315,0.003949995085503838,0.04693235247832383,0.048051108621474395,0.024530112214258496,0.02483345064701692
2022-02-11,188695020.62671658,43160.76714285714,6300.0,7,0.2058596474859579,0.15454434109501036,0.14370575625981358,0.02755584384796736,0.11558577680658189,0.12253079752589871,-0.02811997945323152,-0.027728292824811596
2022-02-18,217669733.45522442,42267.65,6300.0,7,0.17476423752696502,-0.15105150688220215,-0.16375676221692345,-0.031095409958992876,-0.020909896577634146,-0.020692800475511138,0.1428468656392894,0.15355313951726735
2022-02-25,197091447.1925433,38381.96428571428,6300.0,7,0.1752677163276204,0.002880902911144469,0.002876761063286993,0.000503478800655377,-0.09643434884868854,-0.09193048854823295,-0.09931110991197564,-0.09453903368202621
2022-03-04,199407201.3980403,41433.12285714286,6300.0,7,0.18700332941834788,0.06695821305043201,0.06481180852595086,0.011735613090727487,0.07649296075984796,0.07949459148874809,0.01168115223389706,0.011749643317777725
2022-03-11,190573478.51603898,39251.770000000004,6300.0,7,0.18536993329335097,-0.008734583122543323,-0.008772953188117005,-0.001633396124996911,-0.054084091206731376,-0.05264756085762433,-0.045311138018614264,-0.04429991906043629
2022-03-18,206965032.95428386,39927.76857142857,6300.0,7,0.17362832359330635,-0.0633415003794781,-0.065436524626815,-0.01174160970004462,0.017075497250114032,0.017222116898895638,0.0825120218769291,0.08601172925993139
2022-03-25,206991206.64365458,42592.06,6300.0,7,0.18519073646443285,0.0665928958584511,0.0644693586131969,0.011562412871126498,0.06459581492380116,0.06672778178938697,0.0001264563106043312,0.00012646430654061902
2022-04-01,201403196.725149,46405.32428571429,6300.0,7,0.20736906134681893,0.11975936434944509,0.11311380896331098,0.02217832488238608,0.08574634925919991,0.08952993317802174,-0.027367459704111054,-0.026996363802669232
2022-04-08,203829299.4564046,44752.12142857142,6300.0,7,0.1976011760484355,-0.04710386995506007,-0.04824937387567898,-0.009767885298383433,-0.036275350363875886,-0.03562528400758962,0.011974023511802965,0.012045999123670548
2022-04-15,207962289.10766512,40887.34285714286,6300.0,7,0.17694846853881951,-0.10451712850410183,-0.11039218497206288,-0.02065270750961598,-0.09031830026341635,-0.08635967297320446,0.020073884708646524,0.0202767200902072
2022-04-22,205851944.0582064,40568.36285714286,6300.0,7,0.17736789777950615,0.0023703468255483686,0.0023675419849338666,0.00041942924068663623,-0.007832026688313062,-0.0078014362810145624,-0.010199568673247008,-0.010147729468231392
2022-04-29,223428341.7867953,39294.735714285714,6300.0,7,0.15828458404173346,-0.10759170050882602,-0.11383151627519308,-0.019083313737772695,-0.03189796425805479,-0.03139459059124693,0.08193355201713848,0.0853836858767727
2022-05-06,227454009.97765416,37800.85857142857,6300.0,7,0.14957209467367943,-0.055043195904390024,-0.056616062484861424,-0.008712489368054022,-0.03875874271505028,-0.03801723349710782,0.017857319769811024,0.018017715025161474
2022-05-13,224702762.11460757,31110.108571428573,6300.0,7,0.12460504468567694,-0.1669231820445716,-0.18262942263326506,-0.02496704998800249,-0.19479901507343578,-0.17699994796036567,-0.0121695924401708,-0.01209584242246109
2022-05-20,214591115.56785756,29959.535714285714,6300.0,7,0.12565097148362964,0.008393936221371296,0.008358903046363483,0.0010459267979526926,-0.03768513914801981,-0.036983890766602516,-0.046044042194383364,-0.04500009902678748
2022-05-27,210648288.61195043,29382.149999999998,6300.0,7,0.12553595936738976,-0.0009153300995755595,-0.0009157492699768669,-0.0001150121162398765,-0.0194603145743621,-0.019272184982840005,-0.018544565304385117,-0.018373672859071988
2022-06-03,213349687.61535057,30267.691428571427,6300.0,7,0.1276820350204923,0.017095306109239195,0.016950825664070853,0.0021460756531025416,0.029693507036527796,0.03013875528412416,0.012742681372456868,0.012824215288910201
2022-06-10,230335678.13383985,30221.214285714286,6300.0,7,0.11808458453986635,-0.07516680384273017,-0.07814188620947415,-0.00959745048062595,-0.0015367165748700442,-0.0015355364305474522,0.07660516963460398,0.0796157271582858
2022-06-17,206117061.93094227,23276.94857142857,6300.0,7,0.10163764958625589,-0.13928096556970856,-0.14998715251339265,-0.016446934953610465,-0.26108059840160275,-0.22978116129398232,-0.11109344588821014,-0.1051448755100155
2022-06-24,211144367.85535297,20433.125714285714,6300.0,7,0.08709592081307756,-0.14307423314465115,-0.1544039839081214,-0.01454172877317833,-0.13030614574093066,-0.12217335311010322,0.02409783816719054,0.02439053748056552
2022-07-01,216666702.50025988,20389.734285714287,6300.0,7,0.08469580533317457,-0.02755715144287913,-0.027943972766934284,-0.0024001154799029867,-0.002125840517427212,-0.0021235825188062316,0.02581813224950704,0.026154307126439846
2022-07-08,208618910.51238298,20377.265714285713,6300.0,7,0.08790928443549974,0.037941419763163606,0.037239347470183974,0.0032134791023251674,-0.0006116992576034201,-0.0006115122077539396,-0.03785104672778744,-0.037143649185629846
2022-07-15,194859543.58648273,20474.01714285714,6300.0,7,0.09456357686886047,0.07569499030836811,0.07296695529927595,0.006654292433360728,0.004736772150376108,0.004748008389741865,-0.06823018314889981,-0.06595455269182582
2022-07-22,194088421.30850843,22414.535714285714,6300.0,7,0.10393758683209402,0.09912918137850586,0.09451821298911126,0.009374009963233551,0.09055303842639015,0.09477957148754121,-0.00396517456272127,-0.003957323638254739
2022-07-29,210621422.46059114,22598.028571428575,6300.0,7,0.09656294918476849,-0.07095255789648926,-0.07359547354594431,-0.00737463764732553,0.008153006898154055,0.008186333167093588,0.08174848044409866,0.08518283079753175
2022-08-05,198921216.8364377,23140.670000000002,6300.0,7,0.10469774582730712,0.08424345684567998,0.0808824689866813,0.008134796642538633,0.023729004417595005,0.02401277734720216,-0.05715346456908625,-0.05555088123261831
2022-08-12,211887967.92614788,23632.262857142858,6300.0,7,0.10037868964245177,-0.04125261867604474,-0.04212765764838538,-0.004319056184855355,0.021021173121508446,0.021243674325024112,0.06314883076989378,0.06518535979182172
2022-08-19,204716236.25213286,23442.41,6300.0,7,0.10306055536315667,0.02671748087425421,0.02636680145060798,0.002681865720704904,-0.008066073536451258,-0.008033630054409909,-0.0344328749870591,-0.033846809444671555
2022-08-26,221624008.7338763,21251.377142857145,6300.0,7,0.08630039469928555,-0.16262439693647085,-0.17748255997061907,-0.01676016066387112,-0.09812507513004863,-0.09346448838420855,0.07935748484057041,0.08259126286846863
2022-09-02,216541506.55948615,19976.575714285715,6300.0,7,0.0830275840808291,-0.03792347219106691,-0.038661280743486,-0.0032728106184564537,-0.061861327132430734,-0.0599867679163516,-0.023200046388944878,-0.02293299450463937
2022-09-09,228686627.64688212,19771.787142857145,6300.0,7,0.07781219484354068,-0.06281513902911015,-0.06487472594579202,-0.005215389237288412,-0.010304343058865397,-0.010251435198782358,0.05457038288692656,0.056086804236118004
2022-09-16,240473675.92928085,20829.102857142858,6300.0,7,0.07795527930026529,0.0018388436030150346,0.0018371549998513505,0.00014308445672460424,0.05209515479509584,0.053475981035314944,0.050257999795244424,0.05154235909499372
2022-09-23,224217113.6164847,19303.205714285716,6300.0,7,0.0774824225619675,-0.006065743623038786,-0.006084214978773879,-0.0004728567382977916,-0.07608000329336405,-0.07325793882350871,-0.06999578831459007,-0.06760225313633461
2022-09-30,235196028.62973887,19211.207142857143,6300.0,7,0.073513513511704,-0.05122334742553141,-0.0525818583617735,-0.003968909050263494,-0.004777367202516275,-0.004765973734636565,0.04780449115925735,0.04896555323619589
2022-10-07,260492611.98879272,19715.38714285714,6300.0,7,0.0681165131444681,-0.0734150785267073,-0.07624957909412254,-0.005397000367235907,0.025905590005292977,0.02624405620380051,0.10215516909941555,0.1075553167561234
2022-10-14,265852209.71752697,19252.45,6300.0,7,0.06517608041855467,-0.043167692974493056,-0.04412713065190221,-0.0029404327259134194,-0.023761078743883054,-0.02348100696692943,0.02036605190801922,0.02057485503260592
2022-10-21,265078651.11251587,19221.227142857144,6300.0,7,0.06526027032342417,0.0012917300998899828,0.0012908965343151628,8.418990486949718e-05,-0.00162307667558379,-0.0016217601989802237,-0.0029139732098989696,-0.0029097317108367493
2022-10-28,259955369.8228852,19981.477142857144,6300.0,7,0.06917852645561418,0.06004045206634098,0.058307069722549405,0.003918256132190004,0.03879045287457564,0.03955262556077325,-0.01951661684797382,-0.01932740063422178
2022-11-04,265760037.96443942,20561.79857142857,6300.0,7,0.06963281182538775,0.006566855251897377,0.006545387390919068,0.0004542853697735716,0.028629214354400873,0.02904296936720103,0.022083826963481802,0.02232947965456189
2022-11-11,268791284.46729475,18819.714285714286,6300.0,7,0.06301447939694547,-0.09504617514281197,-0.0998713588411414,-0.006618332428442272,-0.0885299632919221,-0.08472431434743165,0.01134139554921923,0.011405953002087355
2022-11-18,263209580.26967257,16651.25142857143,6300.0,7,0.05693609735010475,-0.09646008512664735,-0.10143499186994481,-0.006078382046840726,-0.12241957814687346,-0.11522294250709729,-0.020984586276928577,-0.020765941904270835
2022-11-25,249780156.3309637,16369.075714285715,6300.0,7,0.05898053856342665,0.03590764573747417,0.035277994822587797,0.002044441213321903,-0.017091446857655356,-0.01694621665501604,-0.05236944168024328,-0.051021790031159586
2022-12-02,248061541.76555485,16678.097142857143,6300.0,7,0.060510336756504496,0.025937338490606112,0.025606671287609295,0.0015297981930778443,0.01870238263900245,0.01887836759785632,-0.006904288648606771,-0.006880508806839103
2022-12-09,263659536.37225285,17034.87857142857,6300.0,7,0.05814843993596268,-0.039032947875437624,-0.03981515558963785,-0.0023618968205418173,0.021166612647525177,0.02139221432249711,0.060981768237162955,0.06287953584292327
2022-12-16,250950388.80164114,17289.574285714283,6300.0,7,0.06200674536289499,0.06635269030745032,0.06424412497050641,0.0038583054269323083,0.014840754491476763,0.014951425290045638,-0.04940337047902958,-0.04820287460669759
2022-12-23,240918930.0750887,16755.044285714284,6300.0,7,0.06259176002667337,0.009434693924904107,0.009390465172378586,0.0005850146637783812,-0.03140431307749974,-0.030916319347530762,-0.04079477824987847,-0.039973872024887
2022-12-30,236827548.27841488,16722.007142857143,6300.0,7,0.06354753295372062,0.01526994809923784,0.015154535851461069,0.000955772927047252,-0.001973719438971573,-0.00197177293558751,-0.01712825529043243,-0.016982400658174246
2023-01-06,273220593.051881,16729.181428571428,6300.0,7,0.05510661959091531,-0.13282834077842992,-0.14251832961771876,-0.008440913362805308,0.0004289405626926609,0.0004290325708507952,0.1429472701804114,0.15366896730562107
2023-01-13,263389933.98597386,17914.15142857143,6300.0,7,0.0612124238831878,0.11079983380579331,0.10508032683381761,0.00610580429227249,0.06843639765890519,0.07083251533014132,-0.036643929174912375,-0.03598066659653443
2023-01-20,274414921.0462327,21227.92142857143,6300.0,7,0.06962132092844726,0.13737239128622372,0.12872068206529216,0.008408897045259461,0.16972638054520908,0.1849805732196079,0.04100569847991677,0.04185804253569514
2023-01-27,286395054.6496606,22887.622857142855,6300.0,7,0.07192463779315814,0.0330834984742402,0.03254801792045162,0.002303316864710872,0.07527891420915696,0.07818483002003072,0.042730896288705474,0.04365700508468162
2023-02-03,280283732.004702,23339.97857142857,6300.0,7,0.07494541536193519,0.04199920446543296,0.04114117986200938,0.0030207775687770555,0.01957143089593873,0.019764206930058894,-0.02156974896607057,-0.02133878551930457
2023-02-10,289861644.54317516,22670.092857142856,6300.0,7,0.07038904234323252,-0.06079588720268606,-0.06272245087475635,-0.004556373018702667,-0.029121148205611246,-0.028701213766569204,0.03360130266914513,0.03417220282450262
2023-02-17,317353139.27665186,22870.338571428572,6300.0,7,0.06485930708359014,-0.07855960353428555,-0.08181718495633568,-0.005529735259642385,0.008794251550415926,0.008833034586473845,0.0906114365067516,0.09484350637975436
2023-02-24,303560309.601578,24218.884285714284,6300.0,7,0.07180449870324401,0.10708087908961111,0.10172671256586834,0.006945191619653873,0.057291859140947414,0.05896483386434959,-0.04443485342492073,-0.043462086767164454
2023-03-03,316874599.58167875,23259.854285714286,6300.0,7,0.0660635749434592,-0.07995214594438005,-0.08332959501395094,-0.005740923759784813,-0.04040378875447383,-0.03959843850303587,0.042925806259477194,0.04386044406653733
2023-03-10,310716218.75968426,21668.657142857144,6300.0,7,0.0627639957335301,-0.049945514040877416,-0.05123594239102608,-0.003299579209929099,-0.07086203734445845,-0.06840959205124605,-0.019626094953432507,-0.019434756935786113
2023-03-17,330086548.1323269,24088.114285714284,6300.0,7,0.06567763206288534,0.0464220974987846,0.045376819138098747,0.0029136363293552348,0.10585169053663193,0.1116569950277094,0.060474871398533366,0.06234090209376597
2023-03-24,350419275.74279845,27736.967142857142,6300.0,7,0.07123829126025026,0.08466595129435664,0.08127206059657967,0.0055606591973649255,0.14104754168509864,0.15147938995402596,0.059775481088518906,0.06159817092067765
2023-03-31,340282031.8116686,27825.835714285717,6300.0,7,0.07359557602711596,0.0330901362899621,0.032554443145911945,0.002357284766865697,0.0031988540044409347,0.003203975797745441,-0.029355589141470885,-0.028928899272568698
2023-04-07,342795047.76476914,28110.997142857144,6300.0,7,0.07380473432607049,0.002841995541654098,0.0028379647075936834,0.00020915829895452875,0.01019592581047061,0.010248081369395368,0.007357961102877056,0.007385097413816544
2023-04-14,346035351.07423794,29568.332857142854,6300.0,7,0.07690399113505421,0.04199265585444907,0.04113489518200786,0.003099256808983722,0.0505430955633371,0.05184219211007286,0.009408200381329074,0.009452596618876319
